victim_age,offender_age,incident_hour,latitude,longitude,month_num,relationship_name,victim_sex,offender_sex,victim_ethnicity,offender_ethnicity,victim_race,offender_race,location_name,offense_name,offense_category_name,crime_against,ct_flag,hc_flag
2.3978952727983707,4.04305126783455,21,-74.06,39.74,4,0,1,0,1,1,5,2,24,22,4,1,True,True
3.4965075614664802,3.5263605246161616,4,-74.92,39.58,8,8,0,0,1,1,5,2,35,15,1,1,False,False
4.189654742026425,3.2188758248682006,3,-74.73,39.78,6,15,0,0,0,0,2,2,35,30,2,1,False,True
4.543294782270004,4.61512051684126,12,-75.06,39.58,10,8,0,0,1,1,5,5,35,18,15,1,True,True
2.8903717578961645,4.04305126783455,2,-75.39,39.79,12,7,0,0,1,1,5,5,16,16,4,1,True,True
0.6931471805599453,4.543294782270004,9,-75.39,39.0,6,8,0,0,1,0,2,3,35,16,9,0,True,False
3.871201010907891,3.970291913552122,1,-74.49,40.8,1,24,0,0,1,1,1,2,24,36,17,0,True,True
3.9318256327243257,3.58351893845611,10,-75.38,39.72,4,24,0,0,1,1,2,5,35,34,15,1,True,False
1.3862943611198906,4.499809670330265,9,-75.33,38.99,5,3,1,0,1,1,5,2,33,0,7,0,True,True
4.51085950651685,4.343805421853684,23,-75.54,39.59,7,12,0,0,0,0,5,2,24,10,14,1,True,True
3.044522437723423,3.784189633918261,4,-74.08,40.67,6,7,0,1,1,1,5,5,35,21,12,1,False,True
2.70805020110221,4.02535169073515,6,-74.74,40.29,2,7,1,1,0,1,5,2,35,26,4,1,False,True
1.0986122886681098,3.7612001156935624,9,-74.57,39.75,1,24,0,0,1,1,5,2,35,7,6,0,True,True
4.248495242049359,4.23410650459726,13,-75.35,41.13,12,0,1,0,0,1,5,5,24,9,4,1,True,True
2.995732273553991,3.4965075614664802,14,-74.09,39.64,6,15,1,1,1,0,2,5,35,10,15,1,True,True
3.4339872044851463,4.110873864173311,14,-74.56,40.12,10,24,0,0,1,1,5,5,33,32,5,0,True,True
0.6931471805599453,4.406719247264253,1,-75.25,39.01,3,12,1,1,0,1,5,5,24,11,0,1,True,True
2.833213344056216,4.007333185232471,23,-74.94,39.32,2,3,0,0,0,0,5,5,35,11,7,0,True,False
4.51085950651685,2.833213344056216,21,-74.93,39.85,4,12,0,0,1,1,5,1,24,7,2,1,True,True
4.174387269895637,4.31748811353631,9,-75.0,40.38,5,3,0,0,0,0,5,5,35,39,14,1,True,True
4.477336814478207,4.382026634673881,23,-74.82,40.87,11,16,1,1,0,1,5,2,24,10,7,1,True,True
4.143134726391533,2.1972245773362196,3,-75.5,39.19,6,15,1,0,1,1,2,5,35,0,17,0,True,True
3.9318256327243257,2.302585092994046,15,-75.07,40.17,12,16,0,0,1,0,5,5,24,4,13,0,True,False
3.367295829986474,4.290459441148391,9,-75.34,40.08,12,7,0,0,1,1,2,5,24,34,8,1,True,True
4.543294782270004,4.356708826689592,7,-73.92,41.18,12,15,1,1,0,1,5,2,35,20,13,0,False,True
4.454347296253507,1.6094379124341003,10,-75.53,39.69,10,15,1,0,1,0,0,5,24,29,7,1,True,True
2.3978952727983707,3.784189633918261,7,-74.48,40.16,6,3,0,1,0,1,2,1,18,34,4,0,True,False
3.367295829986474,2.4849066497880004,21,-74.32,40.22,9,23,0,1,1,0,2,5,35,11,0,1,True,True
2.995732273553991,4.30406509320417,20,-75.24,39.71,8,16,0,0,1,1,2,5,35,22,4,0,True,True
4.330733340286331,4.189654742026425,13,-75.3,39.19,11,13,1,0,1,1,5,5,35,5,0,0,True,True
4.127134385045092,4.442651256490317,11,-73.99,40.13,8,15,1,0,1,0,5,1,24,32,13,1,True,True
4.290459441148391,2.8903717578961645,7,-75.05,40.7,4,12,0,0,0,0,5,5,24,9,3,0,False,True
2.6390573296152584,3.5553480614894135,20,-74.79,40.82,10,20,1,1,1,1,5,5,35,33,14,1,False,True
1.3862943611198906,3.784189633918261,5,-74.75,39.01,3,23,1,0,1,0,5,5,35,15,3,0,True,True
4.31748811353631,3.1780538303479458,13,-74.0,40.41,5,20,0,1,0,0,5,5,35,30,7,1,True,False
2.5649493574615367,3.6888794541139363,19,-75.25,40.47,10,8,1,0,1,0,5,5,13,9,1,0,True,True
3.8918202981106265,1.9459101490553132,13,-74.01,39.8,4,16,0,0,0,1,0,5,24,21,8,1,True,False
4.04305126783455,4.532599493153256,19,-74.11,39.67,4,16,0,0,0,1,5,2,35,29,12,0,True,True
2.1972245773362196,3.332204510175204,12,-74.73,41.21,10,0,0,1,1,1,5,1,14,5,11,1,False,True
3.6888794541139363,3.6375861597263857,21,-75.1,39.43,10,12,0,1,1,1,2,5,35,31,2,1,True,False
1.0986122886681098,4.174387269895637,3,-74.38,39.94,1,24,1,0,0,1,2,2,35,22,14,1,False,True
4.48863636973214,4.442651256490317,15,-74.81,39.11,10,20,0,0,0,0,5,2,35,1,10,0,False,True
4.382026634673881,4.219507705176107,18,-74.16,40.92,2,3,0,1,1,1,5,2,24,26,15,1,True,True
3.1354942159291497,1.0986122886681098,19,-74.61,39.86,7,13,0,0,0,1,2,5,24,29,8,1,False,True
1.6094379124341003,4.48863636973214,16,-74.55,40.68,2,8,1,1,1,0,2,2,35,28,11,0,True,True
2.6390573296152584,4.219507705176107,14,-74.67,39.17,9,13,0,0,1,1,2,2,35,21,1,0,True,True
2.1972245773362196,4.060443010546419,4,-74.61,39.97,8,7,1,0,0,1,5,5,13,4,2,1,False,True
0.6931471805599453,4.0943445622221,12,-75.1,41.05,4,4,1,1,0,1,2,5,35,29,2,0,True,True
4.02535169073515,4.2626798770413155,5,-74.34,40.91,2,20,0,0,1,1,5,5,35,39,8,0,True,False
4.204692619390966,1.791759469228055,15,-73.92,39.46,8,20,0,1,0,1,5,5,35,29,3,0,True,True
4.204692619390966,2.833213344056216,11,-75.35,39.01,4,1,0,0,1,0,5,5,35,6,15,0,True,True
4.477336814478207,3.871201010907891,9,-74.78,39.99,6,8,1,1,1,1,2,2,35,32,17,1,True,True
2.5649493574615367,4.356708826689592,2,-74.04,40.58,12,13,1,0,0,1,5,2,35,29,2,0,True,True
1.3862943611198906,4.248495242049359,6,-74.66,39.52,3,14,1,0,1,0,5,2,7,25,15,0,True,True
4.574710978503383,4.605170185988092,16,-75.34,41.27,2,15,0,1,0,1,5,5,35,34,1,0,True,True
3.8066624897703196,3.5553480614894135,14,-74.87,39.02,8,23,1,0,0,1,2,5,35,15,8,0,True,True
1.6094379124341003,4.290459441148391,4,-75.17,41.06,6,13,0,0,0,1,5,5,35,39,15,0,True,True
2.4849066497880004,1.0986122886681098,15,-74.05,40.43,8,3,1,1,1,1,2,2,13,37,4,1,False,True
4.204692619390966,4.584967478670572,21,-74.3,39.39,1,0,1,0,1,0,5,2,35,10,1,1,True,True
3.871201010907891,4.23410650459726,21,-74.48,40.15,9,20,1,0,0,0,0,2,24,32,2,1,False,True
3.258096538021482,3.8066624897703196,17,-74.77,40.58,1,16,1,0,0,1,2,5,14,10,6,0,True,True
4.3694478524670215,3.713572066704308,5,-74.72,40.71,1,13,1,0,1,1,5,5,14,5,11,0,True,True
4.330733340286331,4.23410650459726,0,-75.2,40.18,11,12,0,0,0,1,5,2,35,32,17,1,True,True
3.7376696182833684,4.290459441148391,8,-74.35,40.95,4,23,0,1,1,0,5,5,35,30,15,0,True,True
4.07753744390572,4.330733340286331,1,-74.07,40.39,11,12,0,0,1,1,5,5,35,18,7,0,True,True
4.276666119016055,3.091042453358316,22,-75.48,41.13,3,7,0,1,0,1,5,5,35,18,11,0,True,True
3.4657359027997265,4.430816798843313,0,-74.85,40.2,1,1,0,0,1,0,5,2,35,31,8,0,False,True
3.6109179126442243,3.4011973816621555,19,-74.08,39.21,9,23,0,1,1,1,2,5,35,33,12,0,False,True
1.6094379124341003,4.51085950651685,8,-73.92,40.33,8,23,0,0,0,1,2,5,24,4,7,0,True,False
2.995732273553991,4.543294782270004,10,-74.25,39.39,1,15,1,0,0,1,5,2,24,39,8,1,True,False
2.3978952727983707,4.060443010546419,12,-74.21,39.3,6,23,0,0,1,0,2,5,24,10,3,0,False,False
4.219507705176107,0.6931471805599453,12,-74.44,41.02,6,24,0,0,1,0,5,2,35,33,8,1,True,True
3.912023005428146,3.6109179126442243,5,-74.61,40.61,10,4,1,0,1,1,5,2,35,37,3,0,False,True
3.091042453358316,4.276666119016055,11,-75.55,39.79,7,7,1,0,0,0,5,5,44,32,12,1,True,True
4.1588830833596715,3.4657359027997265,22,-74.73,39.16,9,16,1,1,1,1,2,5,35,15,5,1,True,True
4.406719247264253,4.477336814478207,3,-74.33,39.65,2,15,1,0,1,1,5,5,35,15,7,1,True,True
4.394449154672439,3.295836866004329,2,-74.01,40.32,11,23,1,1,1,1,5,2,35,15,3,1,True,True
3.332204510175204,3.713572066704308,11,-75.42,39.14,12,13,0,1,1,1,4,2,35,25,7,1,True,True
4.465908118654584,4.51085950651685,19,-75.18,40.88,9,13,0,1,0,1,1,5,35,7,3,1,True,True
2.3978952727983707,1.0986122886681098,7,-73.9,39.01,6,24,0,1,1,0,2,2,24,5,14,1,True,True
3.9889840465642745,4.290459441148391,2,-74.38,39.48,8,12,0,1,1,0,4,2,18,39,12,1,True,True
3.5263605246161616,1.6094379124341003,16,-74.78,40.48,12,7,0,0,0,0,2,5,35,28,7,0,True,True
4.465908118654584,3.9318256327243257,8,-75.26,39.03,2,24,0,0,1,0,2,5,35,10,14,1,False,True
4.02535169073515,3.9889840465642745,2,-74.64,39.15,4,1,0,1,0,0,5,2,35,16,9,1,True,True
4.07753744390572,3.332204510175204,16,-75.44,40.01,6,0,1,1,0,1,5,5,35,10,3,0,True,True
3.8501476017100584,1.791759469228055,2,-74.36,39.8,1,4,1,0,1,1,5,2,25,31,1,0,True,False
3.9512437185814275,4.3694478524670215,21,-75.51,40.74,5,13,1,1,1,1,2,5,35,16,14,1,False,True
4.477336814478207,4.605170185988092,11,-74.62,39.06,11,7,0,0,0,0,5,2,35,6,7,1,True,True
3.7612001156935624,4.543294782270004,12,-75.19,39.95,2,8,1,0,1,1,5,2,35,6,1,0,True,True
4.465908118654584,3.6888794541139363,4,-74.44,39.94,4,3,0,1,0,1,2,2,35,18,11,0,True,True
4.477336814478207,1.3862943611198906,13,-74.17,39.97,1,3,0,0,1,0,5,5,35,21,14,1,True,True
3.4965075614664802,3.912023005428146,23,-75.35,40.14,4,23,0,1,0,1,2,2,35,18,2,1,True,True
4.31748811353631,4.454347296253507,12,-74.25,39.38,1,0,0,1,0,1,2,5,35,26,5,1,False,True
3.6888794541139363,4.406719247264253,9,-74.73,41.04,1,14,0,1,1,1,2,2,35,39,9,1,True,True
4.143134726391533,2.6390573296152584,3,-75.1,41.2,3,0,1,0,1,1,5,5,35,28,12,1,True,False
3.7612001156935624,3.828641396489095,0,-75.14,40.13,6,0,0,0,1,1,5,5,35,18,5,0,True,True
3.258096538021482,2.995732273553991,3,-75.54,40.02,12,4,0,0,1,1,5,5,24,27,15,0,False,True
4.219507705176107,4.23410650459726,7,-74.04,39.9,1,12,1,0,1,1,5,5,24,5,13,1,True,True
3.713572066704308,3.4657359027997265,2,-74.49,39.36,9,14,0,0,1,0,2,0,14,34,2,1,True,True
2.3978952727983707,4.418840607796598,0,-74.42,39.75,2,0,1,0,1,1,5,2,37,1,2,0,True,True
2.833213344056216,4.3694478524670215,5,-75.17,40.42,3,12,0,0,0,0,5,2,35,10,8,1,True,True
4.0943445622221,3.4965075614664802,13,-74.93,41.07,2,14,0,1,1,0,3,2,25,29,13,1,True,False
4.430816798843313,4.330733340286331,20,-74.1,40.64,6,3,1,0,0,1,5,2,33,6,0,1,True,False
3.784189633918261,4.110873864173311,5,-75.26,39.5,6,4,1,0,1,1,1,5,35,33,14,0,True,True
3.258096538021482,2.0794415416798357,2,-75.15,39.77,10,1,1,1,1,0,2,0,35,39,12,0,True,True
4.110873864173311,3.044522437723423,3,-75.19,40.1,7,16,0,0,1,1,5,5,35,33,13,0,True,True
4.343805421853684,4.574710978503383,21,-74.59,39.13,12,14,0,1,1,1,5,5,35,15,11,0,True,True
3.6375861597263857,4.465908118654584,22,-75.19,40.31,3,23,0,1,0,1,5,5,35,36,12,0,True,True
4.04305126783455,1.3862943611198906,15,-74.33,39.22,2,23,0,1,1,0,5,2,35,0,12,0,True,True
4.48863636973214,3.5553480614894135,9,-74.12,40.8,3,23,1,0,1,1,5,5,24,4,9,0,True,False
4.143134726391533,0.6931471805599453,5,-74.98,39.67,1,13,0,0,0,1,5,5,35,16,5,0,True,True
3.258096538021482,4.110873864173311,15,-74.97,40.01,6,20,1,0,0,1,5,2,24,37,9,0,True,True
3.8066624897703196,4.465908118654584,18,-74.93,39.96,4,12,1,0,1,0,5,2,35,18,13,0,False,True
2.4849066497880004,4.204692619390966,19,-74.01,39.32,8,16,0,0,0,0,2,2,24,30,4,0,True,True
3.6635616461296463,4.564348191467836,12,-74.16,40.23,2,12,1,0,1,1,5,2,35,11,8,0,False,True
3.9889840465642745,4.553876891600541,23,-75.26,39.19,2,20,0,0,0,1,5,5,24,9,8,1,False,True
4.454347296253507,2.6390573296152584,15,-74.84,40.89,6,15,1,0,1,0,4,5,24,28,3,1,True,True
4.442651256490317,4.430816798843313,10,-74.27,39.94,5,23,1,1,1,1,5,2,24,22,0,0,True,True
3.6109179126442243,4.442651256490317,20,-75.42,39.99,10,15,1,1,1,1,2,2,35,25,2,0,True,True
4.574710978503383,2.302585092994046,1,-74.89,41.27,4,16,0,0,1,0,2,1,24,31,9,1,True,False
3.6375861597263857,2.4849066497880004,13,-74.52,39.48,6,7,1,0,1,1,5,5,35,27,15,0,True,True
2.8903717578961645,4.343805421853684,9,-74.01,39.88,9,23,0,0,0,1,5,1,35,29,13,1,True,True
3.58351893845611,4.574710978503383,6,-73.92,39.86,11,8,1,0,0,0,0,2,35,30,17,0,False,True
3.828641396489095,3.367295829986474,6,-73.94,39.23,12,14,1,0,0,0,5,5,35,30,0,0,True,False
3.1780538303479458,2.9444389791664403,18,-73.96,40.98,5,4,0,0,1,1,2,5,24,36,10,0,True,True
2.5649493574615367,3.784189633918261,7,-75.38,40.68,10,16,0,0,1,0,5,5,35,10,14,1,True,True
4.48863636973214,4.248495242049359,2,-74.11,40.75,9,1,0,0,0,0,5,5,35,16,9,0,True,True
4.290459441148391,4.30406509320417,17,-74.86,40.56,5,16,0,0,1,1,5,5,35,16,9,1,True,True
2.6390573296152584,4.406719247264253,5,-74.34,39.8,8,24,1,0,1,1,5,2,35,27,12,1,True,False
4.574710978503383,4.477336814478207,3,-74.58,39.18,6,13,1,0,1,0,5,5,35,1,3,0,True,True
3.4011973816621555,4.30406509320417,19,-75.39,41.21,9,16,0,0,1,1,5,1,23,26,15,1,True,True
4.356708826689592,3.9889840465642745,6,-73.94,40.15,3,23,1,0,1,0,5,1,24,26,11,0,True,True
4.2626798770413155,4.430816798843313,17,-74.98,39.25,1,4,0,0,1,0,2,2,14,1,14,1,True,True
3.8501476017100584,4.574710978503383,18,-74.41,40.83,4,7,1,1,0,1,5,2,35,25,5,0,False,True
3.6109179126442243,3.1780538303479458,11,-74.06,40.55,1,15,1,0,1,1,2,5,35,32,4,0,True,False
4.553876891600541,4.584967478670572,3,-74.09,41.0,7,16,1,1,1,0,2,5,35,31,3,1,True,True
3.6635616461296463,2.8903717578961645,19,-74.73,39.78,7,24,1,0,0,0,2,5,35,0,2,1,True,True
3.4011973816621555,4.189654742026425,23,-74.52,40.76,9,14,0,1,0,1,5,5,7,1,6,0,True,True
3.4657359027997265,2.302585092994046,2,-75.54,40.03,5,13,0,0,1,1,2,5,35,1,14,1,True,True
4.04305126783455,4.356708826689592,17,-74.57,41.03,5,12,0,0,1,0,5,5,25,18,0,0,True,True
4.07753744390572,3.713572066704308,5,-75.27,40.09,1,16,0,1,1,1,2,5,35,31,6,1,False,True
4.02535169073515,3.8066624897703196,19,-74.66,39.51,1,8,1,0,1,1,2,5,35,21,5,1,True,True
4.04305126783455,2.772588722239781,2,-74.83,39.42,8,3,0,1,1,1,5,5,24,32,11,0,True,True
4.204692619390966,4.174387269895637,12,-74.1,39.96,4,3,0,0,1,0,5,2,33,31,0,1,True,True
3.7376696182833684,3.091042453358316,22,-73.91,41.24,9,1,0,0,1,0,5,2,24,33,1,0,False,True
3.1354942159291497,2.3978952727983707,6,-75.4,40.33,3,23,1,0,1,0,1,5,35,16,8,0,True,True
3.2188758248682006,1.6094379124341003,22,-75.03,40.11,7,24,1,0,1,0,5,5,13,32,12,0,True,True
3.5553480614894135,3.2188758248682006,13,-73.9,39.26,10,20,0,0,0,0,5,2,35,5,3,0,True,True
3.7376696182833684,4.584967478670572,22,-74.03,40.76,4,23,0,0,0,1,2,5,14,7,11,1,True,True
4.02535169073515,4.143134726391533,22,-75.34,40.41,8,16,0,0,1,0,2,5,24,0,6,1,False,True
4.04305126783455,2.302585092994046,15,-74.43,38.98,2,4,0,1,0,1,1,2,35,18,11,1,True,True
2.0794415416798357,0.6931471805599453,0,-74.12,40.61,10,20,0,0,1,1,5,2,35,7,12,1,False,True
4.418840607796598,4.330733340286331,17,-74.6,40.58,6,8,0,0,1,1,3,2,24,16,4,1,True,True
4.442651256490317,3.7376696182833684,23,-74.83,39.51,12,3,1,1,1,1,5,0,24,9,1,1,True,True
3.4339872044851463,2.995732273553991,8,-74.26,40.26,10,14,0,0,0,1,5,4,35,33,8,0,True,True
1.9459101490553132,4.532599493153256,4,-75.35,39.71,1,20,0,1,1,1,2,5,35,37,8,1,True,True
4.343805421853684,4.543294782270004,23,-74.01,40.81,2,20,0,0,1,1,5,5,31,25,15,0,False,True
2.772588722239781,3.5263605246161616,6,-75.03,40.79,12,8,0,0,0,1,2,5,35,27,8,1,True,True
4.430816798843313,4.2626798770413155,20,-74.75,39.69,6,14,0,0,1,1,2,2,7,30,3,0,True,True
4.23410650459726,3.8066624897703196,5,-74.92,40.84,12,0,0,0,0,1,2,5,24,33,2,1,True,True
4.02535169073515,3.8066624897703196,0,-75.42,39.01,11,16,1,1,1,0,2,5,35,39,5,0,False,False
3.4965075614664802,3.828641396489095,13,-74.96,39.9,7,14,1,1,1,1,2,2,18,5,14,1,True,True
4.04305126783455,3.58351893845611,2,-74.84,40.14,2,0,0,1,1,1,2,2,35,28,4,1,True,False
1.9459101490553132,3.5263605246161616,20,-74.76,39.48,10,1,0,0,0,1,2,2,35,0,5,1,True,True
4.127134385045092,3.6888794541139363,10,-73.97,41.16,7,3,0,0,1,0,5,2,35,33,3,1,False,True
2.9444389791664403,4.007333185232471,23,-74.09,40.18,9,4,0,0,1,1,2,2,35,26,5,1,True,False
3.295836866004329,3.1354942159291497,8,-74.56,40.29,12,1,0,0,1,1,2,5,35,37,10,1,True,True
4.343805421853684,0.6931471805599453,23,-75.37,39.07,5,3,0,0,1,0,5,5,35,25,0,0,False,True
4.382026634673881,4.2626798770413155,5,-75.46,40.07,5,24,0,1,1,1,2,1,35,26,14,1,True,True
3.1354942159291497,4.553876891600541,2,-74.41,39.69,3,20,1,0,1,1,2,5,35,20,5,1,True,False
4.0943445622221,4.007333185232471,13,-74.7,39.07,3,15,0,0,1,0,5,1,24,32,6,1,True,True
3.9889840465642745,3.9318256327243257,17,-74.66,39.46,12,3,0,0,0,1,5,5,24,26,15,1,True,True
3.58351893845611,4.59511985013459,8,-74.36,40.75,2,23,1,0,1,1,5,5,35,15,6,1,False,True
3.4965075614664802,4.454347296253507,19,-74.0,40.76,8,13,0,0,1,1,5,5,35,31,15,1,True,True
3.1780538303479458,4.1588830833596715,15,-75.29,39.1,1,16,1,0,1,1,5,2,35,37,2,1,True,True
3.1780538303479458,1.3862943611198906,21,-74.77,41.19,6,13,0,1,1,1,5,5,24,10,7,1,True,True
4.465908118654584,1.3862943611198906,19,-75.02,39.71,5,20,0,1,0,1,5,5,7,37,14,0,True,True
4.189654742026425,4.30406509320417,23,-75.43,40.37,8,15,0,0,1,0,5,5,35,22,5,0,True,True
2.0794415416798357,2.1972245773362196,17,-74.04,40.91,6,3,0,1,1,1,5,5,35,33,10,1,False,True
4.394449154672439,3.5553480614894135,8,-75.08,39.81,10,15,0,1,1,1,5,2,35,30,6,0,True,True
3.871201010907891,3.9512437185814275,9,-75.38,40.56,11,7,0,0,1,0,2,2,35,33,17,0,True,False
4.61512051684126,2.70805020110221,4,-74.47,39.17,4,0,0,1,1,1,5,5,35,18,7,0,True,False
4.406719247264253,3.713572066704308,12,-74.0,41.24,11,3,1,1,1,1,2,5,35,32,3,1,True,True
4.07753744390572,3.9889840465642745,22,-75.43,40.61,12,0,1,0,1,1,2,5,35,7,17,0,True,True
4.110873864173311,4.51085950651685,10,-74.35,39.27,9,23,0,1,1,1,2,2,35,25,5,1,False,True
3.58351893845611,3.2188758248682006,17,-75.32,39.54,2,16,0,0,1,0,5,5,35,26,14,1,True,True
2.1972245773362196,4.499809670330265,22,-75.23,41.1,1,16,0,0,1,0,2,2,25,15,10,1,True,True
4.189654742026425,2.772588722239781,4,-75.13,39.85,6,23,1,0,1,1,1,2,35,5,14,1,True,False
3.4657359027997265,4.382026634673881,12,-74.77,39.35,9,0,1,0,1,0,2,5,24,16,14,1,True,True
3.6635616461296463,4.30406509320417,21,-74.01,39.03,10,13,0,0,1,1,2,2,35,16,3,1,True,True
4.007333185232471,3.5263605246161616,10,-75.36,39.12,2,1,0,0,0,1,2,2,24,10,6,0,True,True
2.1972245773362196,4.406719247264253,8,-74.68,39.64,3,8,1,0,1,1,0,5,24,25,6,0,True,True
4.143134726391533,2.302585092994046,0,-75.02,41.04,6,13,1,0,0,1,5,2,24,15,9,0,True,True
2.70805020110221,4.060443010546419,11,-75.32,39.8,10,7,0,0,1,0,5,2,35,32,13,1,True,False
3.4011973816621555,3.1780538303479458,5,-74.26,39.38,1,0,0,0,1,1,5,5,35,5,8,1,False,True
2.772588722239781,2.302585092994046,16,-74.83,41.11,5,8,0,0,1,0,2,5,35,29,9,0,True,True
4.204692619390966,1.791759469228055,4,-75.46,39.84,7,23,0,0,1,1,5,5,24,4,15,1,True,True
3.871201010907891,3.58351893845611,22,-74.77,41.24,4,0,0,0,1,0,5,5,25,18,4,1,True,True
4.31748811353631,2.8903717578961645,9,-74.08,40.15,9,15,0,0,1,1,2,2,35,16,5,0,True,True
2.0794415416798357,3.9318256327243257,9,-74.12,40.02,12,24,1,1,0,1,2,5,24,37,7,1,True,True
4.110873864173311,4.007333185232471,23,-73.93,39.06,6,8,1,0,0,1,5,5,41,39,6,1,True,True
4.127134385045092,2.8903717578961645,15,-74.09,40.7,1,13,1,1,0,1,2,2,35,21,15,0,True,True
3.828641396489095,3.9512437185814275,23,-73.94,40.14,8,8,1,0,1,1,5,2,35,33,15,0,True,True
0.6931471805599453,3.970291913552122,10,-74.12,39.27,9,24,0,0,1,1,5,5,33,27,3,1,True,True
4.564348191467836,3.044522437723423,13,-74.11,40.78,2,23,0,0,1,1,5,5,18,6,3,1,True,True
4.30406509320417,3.4011973816621555,17,-75.01,39.61,9,0,1,0,1,0,2,5,35,26,9,0,True,True
3.912023005428146,4.07753744390572,14,-74.98,38.97,11,12,0,0,1,0,5,5,33,20,4,0,True,True
4.477336814478207,1.791759469228055,17,-74.35,39.7,9,1,0,0,1,1,2,2,35,5,5,0,True,True
3.5553480614894135,4.330733340286331,11,-75.38,40.36,11,8,0,0,1,1,5,5,24,33,11,1,True,True
2.5649493574615367,3.4657359027997265,3,-75.19,39.62,8,15,0,0,0,1,1,5,35,30,12,1,True,True
3.5263605246161616,3.828641396489095,10,-75.36,39.37,10,4,0,1,0,1,5,2,18,33,0,0,True,True
2.3978952727983707,3.5553480614894135,14,-74.1,40.02,2,14,1,0,0,0,5,2,35,18,1,0,True,True
4.174387269895637,1.0986122886681098,17,-74.39,39.79,6,12,0,0,1,0,5,5,35,25,3,1,False,True
3.912023005428146,4.204692619390966,16,-74.78,39.02,8,4,1,0,0,1,5,2,33,31,13,0,False,True
2.5649493574615367,4.189654742026425,18,-74.67,39.94,4,7,1,0,1,1,2,2,35,4,12,1,True,False
4.110873864173311,3.5263605246161616,16,-73.95,41.19,12,24,0,0,1,1,5,5,35,1,8,0,True,True
4.543294782270004,4.248495242049359,23,-74.37,40.84,2,0,1,0,1,1,5,5,24,29,15,0,True,True
4.543294782270004,4.532599493153256,14,-74.47,40.1,9,12,1,0,0,1,5,5,39,16,2,1,True,True
4.465908118654584,4.1588830833596715,6,-74.01,40.86,5,12,1,0,1,1,5,2,24,20,12,1,False,True
4.0943445622221,3.7612001156935624,12,-74.87,41.19,7,12,0,1,1,0,1,2,35,5,1,0,False,True
2.995732273553991,4.23410650459726,16,-74.39,39.73,11,23,1,1,1,1,5,2,24,34,15,0,True,True
4.574710978503383,3.9318256327243257,8,-74.13,39.71,10,24,1,0,1,0,2,4,35,32,9,1,True,True
4.3694478524670215,2.772588722239781,10,-74.75,39.04,11,13,0,0,0,1,5,2,35,5,14,0,True,True
3.7376696182833684,4.553876891600541,6,-75.3,41.2,11,13,1,1,1,1,2,5,35,7,17,1,True,True
1.3862943611198906,4.584967478670572,10,-74.67,38.98,1,4,0,0,0,1,5,2,38,28,5,1,True,True
3.58351893845611,4.584967478670572,21,-74.65,40.56,12,7,0,0,1,1,2,2,24,31,8,0,True,False
4.219507705176107,4.204692619390966,9,-74.26,40.71,9,15,1,0,0,1,5,5,14,16,12,1,True,True
2.995732273553991,3.6375861597263857,3,-73.93,41.23,1,7,0,0,0,0,5,5,35,20,5,0,True,True
4.418840607796598,4.51085950651685,17,-75.09,39.36,10,3,0,0,1,1,1,5,25,11,6,1,True,True
3.6635616461296463,4.110873864173311,8,-74.42,39.07,6,13,1,0,1,1,5,5,35,5,4,0,True,True
3.2188758248682006,4.31748811353631,15,-75.53,39.45,10,15,0,1,0,1,4,5,37,27,14,0,True,True
2.9444389791664403,2.0794415416798357,11,-73.94,39.9,1,0,1,0,1,0,5,2,10,5,8,0,True,True
2.0794415416798357,4.59511985013459,19,-75.13,40.77,3,13,1,0,1,0,5,2,35,22,4,1,True,True
4.127134385045092,3.8066624897703196,18,-75.35,41.23,4,23,1,1,1,0,2,5,16,5,12,1,False,True
4.394449154672439,2.772588722239781,17,-74.22,40.66,1,20,0,1,1,0,5,5,35,21,0,1,False,True
4.02535169073515,4.477336814478207,12,-73.97,39.37,11,20,1,0,0,1,2,2,35,34,6,0,False,True
3.5553480614894135,4.23410650459726,10,-73.92,41.26,6,4,0,0,0,1,5,5,35,36,5,1,True,True
4.553876891600541,2.3978952727983707,2,-75.23,39.91,10,3,0,1,1,1,5,5,24,5,11,1,True,True
4.3694478524670215,2.833213344056216,16,-74.26,40.75,2,8,1,1,1,0,5,2,35,28,14,1,True,True
3.8066624897703196,4.02535169073515,16,-74.12,39.38,3,8,0,0,0,0,5,2,24,31,4,1,True,True
4.477336814478207,3.9318256327243257,6,-75.3,40.89,4,3,1,0,1,0,5,5,41,7,14,0,True,False
4.48863636973214,3.912023005428146,5,-74.27,40.9,9,4,1,0,0,0,5,2,35,28,2,1,False,True
4.430816798843313,4.382026634673881,21,-74.69,39.4,5,4,0,0,0,1,5,2,24,29,15,1,True,False
1.6094379124341003,1.9459101490553132,18,-75.1,40.79,10,15,0,0,1,1,5,5,37,26,9,1,True,True
3.8918202981106265,4.442651256490317,14,-75.44,40.81,2,0,0,1,1,1,5,5,24,4,2,1,False,True
4.430816798843313,4.532599493153256,10,-74.14,40.42,2,16,0,1,0,1,5,2,14,18,15,1,True,True
4.406719247264253,3.044522437723423,13,-74.27,41.04,10,4,0,1,0,0,5,2,37,1,3,1,True,True
4.48863636973214,3.871201010907891,4,-74.18,40.08,10,3,1,0,1,0,5,5,35,20,10,1,False,True
3.6635616461296463,4.430816798843313,21,-74.9,39.98,11,16,1,0,1,0,5,2,35,15,7,0,True,True
2.70805020110221,4.477336814478207,11,-75.09,40.61,2,1,0,0,0,1,2,2,35,29,9,0,True,True
3.8918202981106265,4.465908118654584,3,-74.38,40.76,3,8,1,1,0,0,2,2,35,31,14,0,True,True
1.791759469228055,3.58351893845611,11,-74.99,39.44,8,24,1,0,0,1,5,2,35,25,0,0,True,True
3.8918202981106265,4.418840607796598,17,-74.64,39.85,1,23,1,0,1,1,2,2,10,26,8,1,True,True
3.367295829986474,3.9512437185814275,5,-73.98,40.2,12,12,0,0,1,1,5,2,10,11,2,1,True,True
3.970291913552122,3.828641396489095,9,-75.32,39.07,3,13,1,0,1,0,2,5,13,36,4,1,True,True
4.31748811353631,3.9512437185814275,13,-74.81,39.33,8,4,0,0,1,1,2,2,10,21,4,1,True,True
4.07753744390572,4.584967478670572,12,-74.57,39.82,4,20,1,1,1,0,5,2,35,6,6,1,True,False
3.258096538021482,3.1780538303479458,15,-74.31,39.27,1,14,1,0,1,0,2,5,35,33,17,0,True,True
1.0986122886681098,4.543294782270004,15,-74.01,40.73,3,13,0,1,0,1,5,5,35,21,1,1,True,True
4.574710978503383,4.442651256490317,17,-74.0,39.68,5,0,0,0,0,1,2,5,35,33,15,0,True,True
4.532599493153256,4.51085950651685,19,-74.29,39.97,7,24,0,1,1,0,5,5,24,20,0,0,True,True
3.367295829986474,4.07753744390572,15,-74.6,40.86,4,23,1,0,0,0,5,5,14,0,0,0,True,True
4.356708826689592,4.51085950651685,16,-75.38,39.23,12,4,0,0,1,1,1,0,13,28,7,0,True,True
3.258096538021482,3.4965075614664802,6,-74.6,39.99,2,4,1,0,0,0,5,5,24,10,5,0,True,True
4.543294782270004,4.574710978503383,5,-75.03,41.12,12,20,0,0,1,0,2,2,24,15,9,0,True,True
1.3862943611198906,2.1972245773362196,7,-74.87,40.05,2,24,0,0,0,1,5,5,44,1,10,0,False,True
4.0943445622221,2.8903717578961645,21,-74.9,40.02,8,3,0,1,0,1,5,5,39,9,7,1,True,True
3.9512437185814275,3.713572066704308,14,-75.29,38.96,5,13,1,0,0,1,5,5,35,37,3,0,True,True
2.995732273553991,1.791759469228055,10,-74.56,39.15,11,4,0,0,1,0,2,1,35,0,14,1,True,False
3.6109179126442243,1.791759469228055,12,-74.11,39.69,5,15,0,0,1,0,5,5,24,6,7,1,False,True
3.4657359027997265,4.174387269895637,4,-74.64,39.24,5,7,0,0,1,1,5,1,35,27,8,1,True,False
3.258096538021482,4.110873864173311,17,-74.16,39.7,10,7,0,1,0,0,2,5,14,20,14,1,True,True
3.7612001156935624,4.343805421853684,3,-74.36,40.52,5,7,0,0,0,0,5,2,35,34,7,1,False,True
2.70805020110221,3.5263605246161616,8,-74.92,39.56,1,8,0,1,0,0,2,2,35,9,5,1,True,True
4.31748811353631,3.713572066704308,18,-74.47,39.82,4,4,0,0,1,1,5,5,35,11,11,1,True,False
4.330733340286331,4.276666119016055,21,-75.19,39.64,8,0,0,0,0,0,2,5,33,11,7,0,True,True
1.9459101490553132,3.2188758248682006,2,-73.99,39.88,12,15,0,0,1,1,5,5,35,37,7,0,True,True
3.9889840465642745,3.784189633918261,15,-74.4,39.1,2,4,0,1,0,0,5,5,35,33,4,0,True,True
4.174387269895637,4.060443010546419,20,-74.97,40.59,6,15,0,0,0,1,5,5,24,37,11,1,True,True
2.833213344056216,3.091042453358316,11,-74.0,40.11,2,7,0,0,1,1,2,5,35,0,0,0,False,True
2.995732273553991,3.8501476017100584,5,-75.37,40.67,12,12,0,0,1,0,2,2,35,25,5,1,True,True
4.330733340286331,4.465908118654584,21,-74.31,40.62,9,14,0,0,0,0,2,2,35,31,4,0,True,True
3.912023005428146,4.174387269895637,21,-75.51,40.82,6,14,1,1,1,1,2,2,35,31,11,1,True,True
4.48863636973214,4.143134726391533,1,-74.19,39.59,3,8,1,0,0,1,2,5,35,0,2,1,True,True
3.9512437185814275,3.9512437185814275,21,-75.47,39.1,3,3,0,0,0,0,2,5,35,39,10,0,False,True
3.7376696182833684,4.5217885770490405,3,-74.4,39.99,8,15,0,0,1,1,5,2,35,28,11,1,False,True
4.02535169073515,2.6390573296152584,23,-74.79,40.02,9,7,0,0,1,1,5,2,35,34,11,1,True,False
3.912023005428146,2.5649493574615367,3,-74.18,39.52,7,14,0,1,1,1,2,5,35,33,17,1,True,True
2.9444389791664403,4.584967478670572,11,-74.73,39.66,5,3,0,0,1,1,2,5,35,5,2,1,True,True
4.465908118654584,3.912023005428146,0,-74.05,40.96,6,7,1,0,1,1,5,2,35,10,10,1,True,True
4.219507705176107,3.2188758248682006,20,-74.93,40.97,1,23,0,0,1,0,5,5,35,37,2,1,False,True
4.290459441148391,4.23410650459726,16,-75.16,39.16,10,14,1,0,1,1,2,2,35,26,6,1,True,True
2.4849066497880004,4.31748811353631,8,-74.02,40.97,10,14,0,0,1,1,2,2,33,20,9,0,False,True
4.290459441148391,3.5263605246161616,6,-75.13,39.0,1,8,0,0,1,0,5,2,35,31,11,0,True,True
4.07753744390572,3.091042453358316,0,-74.87,41.21,7,8,0,1,1,0,2,2,40,33,3,1,False,True
2.4849066497880004,2.5649493574615367,5,-74.89,40.22,5,1,1,0,1,0,2,5,13,11,7,1,True,True
3.871201010907891,4.5217885770490405,9,-74.86,39.11,3,16,1,1,1,0,5,3,24,1,4,1,True,True
4.442651256490317,4.219507705176107,20,-74.96,40.18,7,1,0,1,1,0,5,2,35,21,15,1,True,True
2.1972245773362196,2.6390573296152584,13,-74.11,40.74,6,14,0,0,0,1,5,2,35,9,14,1,True,True
2.8903717578961645,3.1354942159291497,11,-74.71,40.79,12,16,0,0,1,1,5,2,35,33,6,1,True,True
4.189654742026425,4.499809670330265,2,-75.22,40.87,10,24,0,1,1,0,2,5,35,20,3,0,True,True
4.382026634673881,4.330733340286331,3,-74.69,39.26,6,12,0,0,1,1,5,2,24,18,10,0,True,True
4.5217885770490405,2.9444389791664403,9,-74.87,40.49,3,12,0,1,0,1,5,5,44,6,12,0,False,True
3.912023005428146,2.9444389791664403,3,-74.16,40.45,6,7,0,0,1,0,5,2,35,25,3,0,True,True
3.58351893845611,3.8066624897703196,0,-74.37,40.08,12,4,0,0,1,1,2,5,44,4,11,0,True,True
1.9459101490553132,4.1588830833596715,17,-74.09,39.13,10,13,1,0,1,1,2,2,37,11,5,0,True,True
3.091042453358316,3.7612001156935624,17,-75.03,39.01,4,20,1,1,1,1,5,5,35,21,10,0,True,True
3.367295829986474,2.0794415416798357,5,-75.12,39.25,6,4,0,0,0,1,5,2,24,1,0,0,True,True
4.454347296253507,4.330733340286331,22,-74.75,39.03,7,20,1,1,1,1,2,5,35,39,5,1,True,True
2.4849066497880004,4.248495242049359,17,-74.35,40.94,9,0,1,0,1,1,2,5,35,29,14,0,True,True
4.356708826689592,4.204692619390966,9,-74.48,40.65,2,1,0,0,1,0,1,2,35,9,14,1,True,True
3.5553480614894135,3.367295829986474,11,-74.17,41.03,12,14,0,0,0,1,2,5,35,25,8,0,True,True
1.791759469228055,3.4657359027997265,4,-74.82,40.79,3,12,1,1,1,1,2,2,35,36,11,1,True,True
3.58351893845611,2.6390573296152584,2,-74.88,39.49,3,23,1,0,0,0,2,2,25,28,5,1,True,True
2.9444389791664403,3.4339872044851463,5,-75.51,39.1,6,14,0,0,0,1,2,2,35,28,14,0,True,False
3.2188758248682006,3.332204510175204,13,-74.92,39.81,2,24,1,0,0,1,5,5,35,21,10,0,False,True
2.1972245773362196,4.276666119016055,5,-74.68,41.18,4,8,0,0,1,0,5,5,24,33,6,0,True,False
2.8903717578961645,2.4849066497880004,13,-75.01,39.49,10,1,0,0,1,1,5,5,35,15,6,0,False,True
3.295836866004329,2.4849066497880004,6,-74.09,40.2,6,15,0,0,1,0,5,5,35,27,14,1,True,True
3.8066624897703196,0.6931471805599453,9,-74.78,40.9,9,23,1,0,1,1,2,5,24,22,10,0,True,True
2.6390573296152584,4.61512051684126,13,-75.05,39.35,8,24,1,0,1,0,1,5,33,5,7,0,True,True
2.1972245773362196,4.219507705176107,10,-74.29,41.22,2,15,0,0,1,1,5,2,35,39,1,1,True,True
4.532599493153256,3.7376696182833684,8,-75.23,39.89,11,3,1,1,0,0,2,5,24,5,14,0,True,False
4.442651256490317,2.833213344056216,18,-75.2,39.82,5,24,0,1,1,0,2,2,35,33,4,1,True,True
3.7376696182833684,4.290459441148391,13,-74.5,40.11,6,16,1,1,1,1,5,2,33,28,13,1,False,True
3.912023005428146,4.343805421853684,13,-74.13,40.68,8,14,0,1,0,1,5,2,35,15,3,0,True,True
4.060443010546419,4.584967478670572,3,-74.74,40.92,7,0,1,1,1,0,4,5,35,37,15,1,True,True
4.584967478670572,3.9512437185814275,15,-74.65,39.12,11,24,0,0,0,1,5,2,14,7,14,1,True,True
3.091042453358316,4.343805421853684,23,-74.02,39.19,7,16,1,0,0,0,5,2,24,26,14,1,True,True
4.394449154672439,4.5217885770490405,14,-74.77,40.23,5,1,1,0,0,1,5,5,35,16,15,0,True,True
2.5649493574615367,4.394449154672439,21,-74.38,40.97,8,12,1,0,0,1,5,2,35,30,10,0,True,True
4.248495242049359,2.302585092994046,9,-74.29,38.98,1,12,1,0,1,0,2,5,35,29,15,1,True,False
4.23410650459726,4.330733340286331,0,-74.82,41.04,2,13,1,0,1,1,5,5,33,39,4,0,False,True
2.5649493574615367,3.9512437185814275,17,-75.52,39.5,9,1,0,0,1,1,5,2,35,32,7,0,True,True
4.3694478524670215,4.276666119016055,19,-74.85,38.97,5,4,0,0,1,1,5,2,24,29,12,1,True,True
2.302585092994046,4.454347296253507,6,-74.62,39.58,8,12,0,0,1,1,2,2,35,6,14,0,True,True
3.4011973816621555,4.574710978503383,9,-75.38,39.75,7,4,1,0,0,1,5,5,35,5,0,1,True,True
4.394449154672439,2.302585092994046,3,-74.12,40.99,9,24,0,0,1,1,2,5,24,28,3,0,False,True
3.828641396489095,4.584967478670572,18,-74.73,40.1,1,7,1,0,1,1,5,5,31,11,0,1,True,True
2.833213344056216,3.871201010907891,14,-74.74,40.9,8,12,0,0,0,1,5,2,35,0,13,0,False,True
4.394449154672439,2.1972245773362196,23,-74.2,40.01,7,4,1,0,1,1,5,2,35,6,3,0,True,True
4.276666119016055,3.6375861597263857,3,-74.99,39.81,8,8,1,1,1,1,5,2,25,30,8,1,True,False
3.970291913552122,3.912023005428146,4,-75.22,40.59,9,23,1,1,0,0,5,5,35,20,6,0,True,True
3.8918202981106265,3.1354942159291497,2,-73.92,39.91,1,16,1,0,1,1,5,4,35,31,10,0,True,True
4.2626798770413155,3.6375861597263857,3,-75.05,41.29,10,16,0,0,0,1,2,5,24,22,2,0,True,True
2.8903717578961645,4.406719247264253,18,-74.48,40.25,3,20,0,1,0,1,5,5,35,18,6,0,True,True
4.382026634673881,3.7376696182833684,9,-75.46,39.98,2,4,0,0,0,1,5,0,6,36,11,1,True,True
3.970291913552122,3.1354942159291497,19,-74.91,39.11,3,20,1,0,1,0,2,5,35,37,17,0,True,True
3.871201010907891,4.584967478670572,13,-74.05,39.17,6,0,1,1,0,0,5,5,35,29,13,0,False,True
3.828641396489095,4.290459441148391,0,-75.25,39.85,4,12,0,1,1,1,2,2,35,32,17,0,True,False
4.174387269895637,4.442651256490317,18,-75.01,39.29,8,15,0,0,0,1,4,5,24,31,17,1,True,True
4.219507705176107,4.204692619390966,14,-74.88,39.28,12,15,1,0,0,1,5,2,25,20,11,1,True,True
3.5553480614894135,3.713572066704308,2,-74.97,40.37,4,3,1,0,1,1,5,1,35,15,3,0,True,True
4.143134726391533,2.833213344056216,12,-75.37,40.05,2,16,1,0,1,0,5,2,35,22,0,1,True,True
4.30406509320417,2.833213344056216,20,-75.1,39.26,8,4,0,1,0,0,2,5,35,20,13,0,True,True
2.995732273553991,4.532599493153256,22,-74.0,39.9,6,1,0,1,0,1,2,5,24,31,3,0,True,True
4.276666119016055,3.8918202981106265,8,-74.81,39.05,6,3,0,0,0,1,5,1,35,22,15,1,True,True
2.5649493574615367,1.3862943611198906,9,-75.31,39.92,5,4,1,0,0,0,2,2,35,1,1,1,True,True
4.394449154672439,3.6635616461296463,16,-74.68,40.46,1,23,1,0,1,1,2,5,13,22,10,1,True,True
3.8066624897703196,4.330733340286331,8,-75.48,39.47,6,12,0,1,1,0,2,5,35,33,14,0,True,True
4.07753744390572,4.127134385045092,21,-73.98,39.63,6,0,0,0,0,1,5,5,35,4,15,0,False,True
2.833213344056216,4.343805421853684,23,-75.09,39.27,2,20,1,0,0,1,0,2,35,33,5,1,False,True
4.477336814478207,3.332204510175204,20,-74.9,40.04,6,16,0,1,0,1,2,5,25,37,6,0,False,True
3.4011973816621555,3.4965075614664802,1,-75.31,39.43,7,16,1,0,0,0,5,2,24,15,12,0,True,True
4.543294782270004,4.48863636973214,15,-74.64,40.69,2,8,1,0,0,0,5,1,35,18,0,0,True,True
4.48863636973214,4.356708826689592,9,-74.19,40.86,9,24,0,0,1,0,2,2,14,11,7,1,True,False
3.9318256327243257,4.48863636973214,16,-74.33,41.01,9,14,0,0,0,1,2,5,35,31,14,1,True,False
4.465908118654584,4.343805421853684,6,-74.23,40.49,1,14,0,0,0,1,2,5,10,39,4,1,True,True
4.143134726391533,2.9444389791664403,5,-74.14,39.17,11,24,0,1,1,1,2,2,38,28,14,1,True,True
2.833213344056216,1.9459101490553132,19,-74.59,40.49,4,24,0,1,1,1,2,5,35,15,3,0,True,True
3.9889840465642745,4.605170185988092,22,-74.58,40.92,7,20,1,0,1,1,5,5,35,5,8,1,True,True
2.9444389791664403,3.713572066704308,17,-73.97,39.07,3,4,0,0,1,1,5,2,35,6,4,1,True,True
4.0943445622221,3.2188758248682006,11,-74.14,39.35,7,13,1,0,1,1,5,2,35,27,7,0,True,True
4.59511985013459,4.343805421853684,22,-74.63,41.19,10,3,0,0,1,0,5,5,35,20,2,1,True,True
3.7612001156935624,3.367295829986474,6,-74.65,39.02,10,3,0,0,1,1,2,5,35,25,8,1,True,False
3.713572066704308,4.465908118654584,14,-75.28,39.19,11,3,0,0,0,1,5,2,35,16,12,1,True,True
3.367295829986474,4.127134385045092,20,-74.0,40.94,7,24,1,1,1,0,2,2,33,18,8,1,True,True
3.6375861597263857,4.23410650459726,14,-74.5,40.8,10,16,0,0,0,1,5,5,14,22,5,0,True,True
4.007333185232471,4.219507705176107,10,-75.0,39.7,11,16,1,0,1,1,5,5,35,39,0,0,True,False
4.060443010546419,3.8501476017100584,8,-74.94,39.58,3,24,0,1,1,1,5,5,35,10,12,0,False,True
4.143134726391533,3.5263605246161616,11,-73.9,39.55,5,7,0,0,1,1,1,5,25,10,15,0,True,True
4.330733340286331,4.174387269895637,16,-75.13,39.68,7,0,1,0,1,0,5,2,33,9,1,0,True,True
3.7612001156935624,3.1780538303479458,4,-74.34,40.1,5,13,0,0,1,1,2,5,35,0,3,0,False,True
4.59511985013459,4.430816798843313,19,-74.46,41.05,3,13,0,0,0,0,2,2,35,7,4,0,True,True
4.3694478524670215,2.995732273553991,5,-75.28,39.63,11,13,0,1,1,0,2,5,35,37,8,1,True,True
3.9512437185814275,4.060443010546419,19,-74.81,39.19,9,15,1,1,0,1,5,2,35,33,2,0,False,True
4.30406509320417,3.4965075614664802,19,-74.19,40.72,6,15,0,1,1,0,2,5,24,26,7,1,True,True
4.356708826689592,4.290459441148391,5,-75.07,39.09,11,7,0,0,1,0,2,2,35,0,14,1,True,True
3.6109179126442243,3.8501476017100584,18,-74.07,39.92,9,13,0,0,1,0,5,5,35,21,13,1,False,True
4.5217885770490405,4.189654742026425,18,-75.18,39.7,2,15,0,0,1,1,5,5,31,4,15,1,True,False
2.1972245773362196,3.9512437185814275,5,-75.33,41.21,6,14,1,0,1,1,5,2,24,9,8,1,False,True
3.5263605246161616,4.48863636973214,15,-73.9,40.15,9,14,0,0,1,0,2,2,35,16,15,1,True,True
4.51085950651685,3.6635616461296463,2,-74.48,40.61,4,4,0,1,1,0,5,2,24,20,12,1,True,False
4.430816798843313,4.442651256490317,18,-74.65,41.17,2,0,1,1,1,1,5,3,35,10,13,0,True,True
2.3978952727983707,4.61512051684126,11,-73.96,40.85,9,20,0,1,1,0,5,5,35,26,17,0,True,False
4.532599493153256,1.6094379124341003,0,-75.3,40.9,12,4,0,0,1,1,5,5,35,18,1,1,True,True
4.189654742026425,3.4657359027997265,6,-74.35,41.18,4,13,0,1,1,1,2,2,35,22,1,0,True,True
3.2188758248682006,4.330733340286331,4,-75.43,39.44,1,4,0,0,1,1,5,5,16,26,7,0,False,True
4.499809670330265,4.356708826689592,0,-75.54,40.84,10,13,1,1,1,0,5,2,35,11,12,0,True,True
2.8903717578961645,3.044522437723423,2,-74.58,39.58,11,8,1,1,0,0,2,5,13,5,9,0,True,True
2.995732273553991,2.772588722239781,2,-74.97,39.18,8,3,0,0,1,1,5,2,40,0,1,1,True,True
4.219507705176107,4.31748811353631,0,-74.34,40.71,9,13,0,0,1,1,2,4,35,34,17,1,True,True
3.4339872044851463,3.9318256327243257,12,-74.87,41.11,10,7,1,1,0,0,5,5,35,16,3,1,True,False
3.6888794541139363,3.713572066704308,8,-74.35,39.31,4,13,1,0,1,1,5,5,35,37,8,0,True,True
4.276666119016055,3.1354942159291497,1,-75.1,40.18,4,4,0,0,1,1,5,5,33,1,15,1,True,True
4.330733340286331,4.553876891600541,16,-74.96,40.55,9,14,1,1,1,1,2,5,33,39,10,0,True,True
3.8501476017100584,4.477336814478207,12,-74.72,39.72,2,23,1,0,1,0,5,1,39,37,14,0,True,True
4.248495242049359,4.290459441148391,3,-75.03,39.74,7,0,1,1,1,0,5,5,24,1,1,0,False,True
3.2188758248682006,4.1588830833596715,18,-75.05,40.05,12,20,1,1,1,1,5,2,24,27,11,0,False,True
4.174387269895637,4.02535169073515,22,-74.61,40.63,10,13,1,1,0,1,2,2,35,32,17,1,True,True
3.1354942159291497,4.07753744390572,9,-74.13,40.38,4,14,0,1,1,1,5,5,35,33,4,0,True,True
4.553876891600541,3.9889840465642745,10,-74.23,39.65,8,23,1,0,0,1,5,2,35,18,3,1,True,True
3.8066624897703196,4.189654742026425,20,-74.86,40.64,7,12,0,0,1,0,2,1,24,33,17,1,True,True
3.332204510175204,3.1780538303479458,2,-75.27,39.76,10,12,0,0,1,0,5,5,35,37,15,0,True,True
3.4657359027997265,2.8903717578961645,0,-74.26,39.95,7,16,0,0,0,1,2,2,35,16,12,1,False,True
2.833213344056216,4.007333185232471,8,-74.24,40.21,12,8,0,0,1,0,2,5,24,25,6,1,True,False
4.430816798843313,4.430816798843313,0,-75.37,39.83,7,4,1,0,0,1,5,5,35,31,12,1,False,True
4.5217885770490405,3.713572066704308,13,-74.93,40.31,6,8,0,0,0,1,5,0,35,31,17,1,True,True
4.0943445622221,2.6390573296152584,15,-75.02,40.78,8,23,1,1,1,0,2,5,35,16,13,1,True,True
4.553876891600541,4.442651256490317,20,-74.16,39.63,5,15,1,0,0,0,5,5,35,26,4,1,True,True
3.9512437185814275,3.332204510175204,19,-75.44,40.93,3,0,1,0,0,1,2,2,35,27,6,0,True,True
4.110873864173311,2.9444389791664403,4,-74.44,39.21,12,0,0,0,1,1,2,5,35,22,14,0,True,True
4.574710978503383,3.044522437723423,7,-73.95,40.45,11,12,0,0,1,0,2,5,35,37,13,1,True,True
3.7376696182833684,3.9512437185814275,1,-73.95,39.32,6,1,0,1,1,0,2,5,24,15,1,1,True,False
4.07753744390572,4.553876891600541,13,-74.06,40.91,7,3,1,0,1,1,2,2,35,30,13,0,False,True
3.784189633918261,3.5553480614894135,22,-75.47,39.43,9,16,0,0,0,1,5,2,35,39,4,1,True,True
2.1972245773362196,2.302585092994046,13,-75.2,40.67,9,14,0,0,1,1,2,5,14,36,15,0,True,True
3.044522437723423,4.290459441148391,15,-74.29,39.17,9,13,0,0,0,0,5,2,24,15,2,1,True,True
2.0794415416798357,4.605170185988092,11,-74.19,40.87,1,7,0,1,1,1,2,5,24,22,14,0,True,True
2.1972245773362196,4.406719247264253,15,-75.46,39.31,9,24,1,0,1,1,5,5,35,6,5,0,True,True
4.23410650459726,3.5553480614894135,0,-74.2,39.65,10,3,0,0,1,0,5,5,35,22,14,0,True,True
4.51085950651685,0.6931471805599453,6,-74.09,39.88,1,15,1,0,1,0,5,2,40,10,1,1,True,True
3.5263605246161616,1.9459101490553132,5,-74.05,40.88,10,1,0,0,0,1,2,5,35,4,4,1,True,True
3.367295829986474,4.61512051684126,17,-75.14,39.47,1,15,0,0,1,0,2,5,14,6,17,1,True,True
2.3978952727983707,4.605170185988092,1,-75.27,40.85,6,14,0,0,1,0,2,5,24,31,4,1,True,False
4.330733340286331,3.4011973816621555,13,-75.49,40.45,11,20,0,0,1,1,2,2,35,18,11,1,True,True
2.9444389791664403,3.367295829986474,15,-75.27,39.78,10,15,1,1,1,0,4,2,35,4,4,1,True,True
3.9889840465642745,3.091042453358316,17,-74.19,39.46,7,0,0,0,0,1,2,2,14,20,3,1,True,True
4.2626798770413155,4.31748811353631,11,-75.16,40.98,5,24,0,0,1,0,5,2,35,11,0,1,True,True
2.302585092994046,0.6931471805599453,5,-75.53,39.8,12,12,0,0,1,0,5,5,24,28,0,0,True,False
4.574710978503383,2.70805020110221,0,-74.25,40.26,9,4,0,1,1,1,5,2,37,10,5,1,True,False
3.7376696182833684,3.6635616461296463,4,-74.11,39.28,9,1,0,0,1,0,5,5,35,32,2,0,False,True
3.295836866004329,3.828641396489095,23,-74.74,40.54,10,12,0,1,1,1,5,2,33,29,8,0,False,False
4.127134385045092,2.5649493574615367,2,-75.11,40.98,12,24,0,1,1,1,2,2,7,5,9,1,True,True
4.430816798843313,2.8903717578961645,18,-74.66,39.18,3,4,1,0,1,0,5,2,35,11,1,0,True,True
1.791759469228055,4.382026634673881,19,-75.39,40.62,6,23,1,1,1,1,2,5,24,26,2,0,True,True
2.1972245773362196,4.356708826689592,6,-74.19,39.95,6,23,0,0,1,0,2,2,35,16,3,1,True,True
4.430816798843313,2.302585092994046,17,-74.65,40.11,6,13,1,0,1,1,5,5,35,28,3,1,True,True
2.3978952727983707,4.543294782270004,22,-74.04,39.89,7,24,1,0,0,1,2,2,35,11,10,1,True,True
2.1972245773362196,3.58351893845611,9,-75.27,40.64,9,8,1,1,0,1,5,5,14,26,4,1,True,True
3.9318256327243257,4.343805421853684,23,-74.74,39.65,7,14,0,0,1,1,5,5,7,25,10,0,True,True
4.219507705176107,4.23410650459726,19,-75.51,39.44,7,8,0,1,1,0,5,5,24,20,4,0,True,True
3.912023005428146,3.4657359027997265,14,-75.14,39.96,11,20,1,0,1,1,5,2,24,30,1,1,True,True
4.127134385045092,4.61512051684126,20,-75.5,39.11,7,13,1,0,0,1,5,5,35,37,5,0,True,True
4.430816798843313,4.248495242049359,20,-74.09,40.59,4,24,0,0,0,1,5,5,14,11,1,1,True,False
3.044522437723423,3.5553480614894135,23,-75.35,39.36,11,0,0,0,1,0,1,2,35,30,13,1,True,True
4.204692619390966,3.367295829986474,17,-75.55,41.04,11,3,1,0,1,1,2,5,35,5,14,1,True,True
4.48863636973214,4.1588830833596715,5,-74.94,41.16,8,1,0,0,1,1,5,5,35,15,1,0,True,True
3.1780538303479458,3.367295829986474,18,-75.41,40.69,4,20,0,0,0,0,2,2,33,1,1,0,False,True
3.8501476017100584,4.48863636973214,15,-74.09,39.78,5,7,1,1,1,1,5,1,24,26,15,0,True,True
4.07753744390572,4.189654742026425,8,-74.65,40.34,8,14,0,1,1,1,5,2,35,29,1,0,True,True
4.532599493153256,3.4011973816621555,4,-74.94,39.82,6,7,1,1,0,0,5,4,24,11,4,0,False,True
4.59511985013459,1.9459101490553132,7,-74.25,39.31,3,13,0,0,0,1,5,2,35,22,2,1,True,True
4.290459441148391,4.477336814478207,16,-74.12,39.75,9,1,1,0,1,1,5,5,35,30,1,0,True,False
3.7612001156935624,3.9512437185814275,4,-73.91,39.97,7,4,1,0,0,1,5,2,33,33,6,0,True,True
2.772588722239781,3.9889840465642745,4,-74.33,41.03,6,3,1,0,1,0,2,5,13,7,13,0,True,True
4.204692619390966,3.8501476017100584,3,-75.42,39.13,8,24,0,0,1,1,5,2,35,25,8,1,True,True
4.382026634673881,0.6931471805599453,2,-75.31,40.0,9,14,0,1,0,1,5,2,35,32,14,0,True,True
3.6375861597263857,3.9889840465642745,21,-74.1,40.9,12,7,0,0,1,1,5,5,35,18,4,0,True,True
3.58351893845611,4.248495242049359,0,-75.48,40.65,8,1,0,1,1,1,5,2,35,4,12,1,True,True
4.382026634673881,1.791759469228055,6,-74.88,41.24,10,23,0,1,1,1,2,0,35,6,0,0,True,True
3.4011973816621555,2.6390573296152584,5,-74.83,39.01,1,20,0,0,1,1,5,2,35,26,1,0,True,False
4.553876891600541,4.465908118654584,8,-74.07,39.99,2,16,0,0,1,1,1,5,14,9,2,0,True,True
3.295836866004329,4.330733340286331,11,-74.88,40.61,12,12,0,0,1,0,5,2,25,21,4,0,True,True
3.970291913552122,3.713572066704308,9,-74.48,39.4,8,8,1,1,0,1,2,5,14,18,4,0,False,True
4.30406509320417,2.772588722239781,23,-74.29,40.65,6,7,1,0,0,1,5,2,33,26,12,1,True,False
4.174387269895637,3.1354942159291497,13,-75.43,39.97,8,16,1,0,1,1,5,2,14,27,0,0,True,False
4.59511985013459,3.4657359027997265,14,-74.82,40.83,1,12,0,0,1,1,5,2,24,18,17,0,False,True
2.302585092994046,2.9444389791664403,13,-74.35,39.88,6,13,0,0,1,1,5,5,14,31,1,1,True,True
4.060443010546419,4.3694478524670215,12,-74.15,39.87,3,24,1,0,1,0,5,2,35,29,7,1,True,True
3.7612001156935624,4.465908118654584,8,-74.82,39.46,4,3,0,1,1,0,5,5,35,11,15,0,True,True
1.6094379124341003,2.9444389791664403,21,-74.47,40.11,11,4,1,0,1,1,5,5,24,9,7,0,False,True
3.912023005428146,4.2626798770413155,19,-74.09,41.03,5,0,0,0,1,1,2,5,35,9,15,1,True,False
3.332204510175204,4.5217885770490405,4,-74.08,40.6,3,16,1,0,1,0,5,5,35,10,12,0,True,True
2.8903717578961645,2.6390573296152584,6,-74.22,40.99,9,14,0,0,1,1,5,5,35,39,13,1,False,True
4.204692619390966,3.4965075614664802,20,-74.8,41.26,2,0,1,1,0,0,5,5,35,4,0,0,False,True
2.5649493574615367,4.23410650459726,5,-75.44,39.61,11,7,0,0,0,0,5,5,35,37,2,0,True,False
3.912023005428146,4.174387269895637,2,-75.39,40.51,7,3,1,0,1,1,2,1,35,29,3,1,True,True
4.605170185988092,4.219507705176107,16,-75.34,40.11,10,24,1,0,0,1,5,1,35,4,13,0,True,True
0.6931471805599453,4.248495242049359,1,-74.69,40.56,2,7,0,0,1,1,1,5,14,36,12,1,True,True
4.356708826689592,4.61512051684126,21,-75.13,39.97,9,7,0,0,1,1,5,5,18,7,1,1,True,True
3.6109179126442243,3.4339872044851463,13,-75.03,41.23,1,15,0,0,1,1,5,2,35,39,4,1,False,True
4.51085950651685,4.430816798843313,21,-75.26,39.01,7,20,0,0,1,0,5,5,33,9,5,0,True,True
3.1354942159291497,3.6375861597263857,19,-75.19,40.54,11,14,0,0,1,1,5,5,35,22,4,0,True,True
2.3978952727983707,4.30406509320417,23,-74.26,39.22,3,20,1,0,0,1,2,5,35,16,0,0,False,True
4.23410650459726,3.828641396489095,12,-74.19,39.81,8,7,1,0,1,0,5,2,24,28,4,0,True,False
2.9444389791664403,3.091042453358316,3,-74.91,39.02,6,4,1,0,1,1,5,2,6,4,0,1,True,False
4.584967478670572,2.833213344056216,2,-75.12,41.22,3,7,1,0,0,0,2,2,35,37,1,0,False,True
2.8903717578961645,3.5263605246161616,0,-74.81,39.0,3,0,1,0,1,1,5,2,23,5,13,1,False,True
3.258096538021482,4.356708826689592,1,-73.93,40.17,8,16,0,0,0,1,2,2,24,16,11,0,True,True
1.3862943611198906,2.4849066497880004,0,-74.8,40.47,4,16,1,0,0,0,2,2,40,36,3,1,True,True
2.8903717578961645,3.4339872044851463,0,-75.46,41.23,7,3,0,0,1,1,2,2,35,9,1,0,True,True
4.174387269895637,4.174387269895637,20,-75.26,41.14,2,16,1,0,0,1,2,1,33,36,11,1,True,True
3.828641396489095,4.343805421853684,0,-75.25,40.5,10,7,0,0,1,0,5,5,35,10,0,0,True,True
3.4657359027997265,3.6109179126442243,16,-75.33,40.46,6,1,1,0,0,0,5,5,35,16,5,1,True,True
4.23410650459726,2.9444389791664403,2,-74.87,39.52,9,15,0,0,1,1,5,0,35,39,3,0,True,False
4.31748811353631,2.3978952727983707,0,-75.35,39.78,5,15,1,1,0,0,5,1,35,39,8,1,True,True
2.3978952727983707,4.5217885770490405,0,-74.19,40.6,1,13,1,1,1,1,2,3,35,7,15,1,True,True
4.007333185232471,4.219507705176107,22,-73.94,39.57,10,3,0,0,1,0,2,5,14,6,17,0,True,True
3.713572066704308,3.8066624897703196,16,-74.56,39.21,1,15,1,0,1,1,5,5,35,29,7,0,True,True
1.6094379124341003,4.143134726391533,14,-73.96,39.91,6,0,0,0,1,0,5,5,35,34,13,1,True,True
3.1354942159291497,3.258096538021482,12,-75.17,40.49,1,16,1,1,1,0,0,5,35,34,15,0,False,True
3.713572066704308,4.219507705176107,9,-73.93,39.76,5,23,1,0,1,0,2,5,24,25,7,1,True,False
4.406719247264253,1.9459101490553132,10,-74.83,39.14,7,16,1,0,1,1,2,2,35,28,6,0,False,True
3.4339872044851463,4.343805421853684,6,-74.55,39.86,10,24,0,1,1,1,5,2,33,11,3,1,False,True
3.7612001156935624,4.189654742026425,18,-75.16,39.09,7,23,1,0,0,1,2,1,35,0,5,0,True,True
3.1780538303479458,3.784189633918261,10,-75.15,40.49,6,1,0,0,0,0,5,2,35,37,10,0,False,True
2.5649493574615367,4.330733340286331,3,-75.2,41.21,11,13,0,0,1,1,5,1,14,1,3,1,True,True
4.48863636973214,3.9512437185814275,21,-74.37,39.73,4,23,0,0,1,1,2,2,33,6,2,1,True,True
4.59511985013459,4.110873864173311,20,-74.22,40.62,12,12,1,0,0,1,2,5,35,18,8,0,True,True
2.70805020110221,4.219507705176107,17,-75.52,39.51,12,20,0,0,0,0,2,0,35,25,5,0,True,True
3.970291913552122,4.343805421853684,13,-74.3,39.97,1,23,1,0,0,1,5,5,24,20,9,0,True,True
3.8501476017100584,4.553876891600541,11,-73.96,39.75,11,12,1,0,0,1,5,5,35,25,7,0,True,True
2.302585092994046,3.091042453358316,18,-75.41,38.97,2,16,1,1,1,1,5,1,24,15,14,0,True,True
3.4657359027997265,4.5217885770490405,4,-74.99,39.37,7,13,0,0,0,1,4,2,35,5,9,1,True,True
4.61512051684126,4.406719247264253,16,-75.09,41.07,11,15,0,0,1,1,5,5,35,27,2,1,True,True
3.8066624897703196,4.574710978503383,21,-74.44,39.45,7,13,0,0,1,1,5,5,24,27,17,1,True,True
3.091042453358316,0.6931471805599453,7,-74.47,40.12,1,12,1,0,1,1,5,2,14,25,14,0,True,True
2.4849066497880004,4.454347296253507,22,-73.92,40.36,8,4,1,0,1,0,4,1,16,21,13,1,True,True
4.465908118654584,4.31748811353631,2,-74.72,40.15,5,12,0,0,0,1,2,5,24,1,13,0,True,True
3.1780538303479458,4.61512051684126,18,-75.23,41.08,1,24,0,1,1,1,2,2,35,6,13,1,True,True
3.4339872044851463,3.295836866004329,15,-74.78,39.9,10,24,1,0,0,1,5,2,24,30,4,0,True,True
3.912023005428146,4.477336814478207,15,-74.25,40.07,3,15,0,1,1,0,5,5,35,5,1,1,True,True
4.276666119016055,3.9889840465642745,12,-74.48,40.16,4,4,1,0,1,0,2,5,35,20,10,0,True,True
4.406719247264253,4.543294782270004,9,-74.99,40.3,5,15,0,0,1,1,5,5,33,15,7,1,True,True
3.091042453358316,3.6888794541139363,20,-74.54,41.25,10,16,0,0,1,0,5,2,24,32,9,1,True,True
4.406719247264253,4.2626798770413155,0,-74.64,40.16,9,16,1,0,1,1,2,2,37,34,17,1,True,True
3.258096538021482,4.3694478524670215,18,-74.31,40.22,9,13,1,1,1,1,5,2,35,4,1,1,False,True
0.6931471805599453,3.784189633918261,15,-74.15,41.26,9,1,1,0,0,1,5,2,35,16,1,1,True,True
4.553876891600541,3.367295829986474,19,-74.17,40.7,5,8,0,0,1,1,2,3,35,20,13,1,True,True
2.995732273553991,4.127134385045092,16,-73.92,40.17,1,15,0,0,1,1,2,2,35,31,15,0,False,False
2.302585092994046,3.258096538021482,18,-74.31,40.39,1,15,1,0,0,1,5,1,35,4,4,1,True,True
4.3694478524670215,4.219507705176107,13,-75.26,39.6,7,3,0,0,1,1,5,5,33,37,1,1,True,True
4.418840607796598,4.532599493153256,7,-74.44,39.77,10,13,1,0,0,0,2,2,35,21,10,0,True,True
4.23410650459726,3.8918202981106265,20,-74.09,40.74,3,13,0,1,0,1,5,2,33,7,2,1,True,False
2.772588722239781,4.406719247264253,12,-75.27,41.2,9,8,0,1,1,1,2,5,24,36,0,1,False,True
4.248495242049359,4.465908118654584,15,-75.11,40.97,7,12,1,0,1,0,5,5,35,32,10,0,True,True
4.59511985013459,3.5263605246161616,10,-75.06,39.42,1,7,0,0,0,0,5,2,24,30,7,0,True,False
3.58351893845611,3.332204510175204,16,-75.42,39.96,11,8,0,1,1,1,5,4,24,4,15,1,True,True
3.258096538021482,4.04305126783455,22,-75.27,39.47,11,14,0,0,1,1,5,2,35,26,3,1,True,True
4.248495242049359,4.174387269895637,2,-75.34,40.08,5,12,0,1,1,0,5,5,35,28,7,0,True,False
3.6109179126442243,4.204692619390966,7,-74.23,40.72,4,7,1,0,1,1,2,2,35,0,15,1,True,True
1.0986122886681098,4.584967478670572,10,-74.59,40.92,1,23,1,0,0,0,5,2,35,10,5,0,False,True
4.564348191467836,4.060443010546419,2,-75.23,40.59,12,24,0,1,1,0,2,4,24,22,10,1,True,True
2.995732273553991,2.0794415416798357,23,-74.35,39.86,12,13,0,0,1,1,4,2,35,0,11,0,True,True
4.219507705176107,3.828641396489095,20,-75.14,40.33,6,16,0,1,1,0,5,5,10,1,17,0,False,True
4.532599493153256,1.791759469228055,22,-74.68,41.28,6,15,1,0,1,1,5,5,24,39,2,1,True,True
2.995732273553991,4.61512051684126,20,-75.41,39.58,12,7,0,0,0,1,2,2,24,11,17,0,True,True
4.060443010546419,1.0986122886681098,8,-74.89,40.52,11,14,1,1,1,1,5,5,35,11,6,0,False,False
2.8903717578961645,3.7376696182833684,6,-75.33,41.11,4,15,1,0,1,0,5,2,37,5,3,0,False,True
4.343805421853684,4.276666119016055,17,-75.16,39.5,12,0,1,0,1,1,4,2,35,22,2,0,True,False
2.8903717578961645,4.02535169073515,1,-74.47,40.13,12,16,0,0,1,1,5,5,37,29,4,1,True,False
2.0794415416798357,0.6931471805599453,20,-74.22,41.09,9,24,0,0,0,1,2,4,35,28,13,0,True,True
2.3978952727983707,2.4849066497880004,22,-75.53,39.93,7,15,1,1,1,0,5,2,35,34,15,0,True,True
3.713572066704308,3.044522437723423,16,-74.69,40.65,4,0,0,0,1,0,5,1,35,5,15,0,True,False
4.477336814478207,4.07753744390572,9,-73.95,40.96,3,13,1,1,0,1,5,2,40,29,12,1,True,True
2.5649493574615367,4.02535169073515,1,-74.57,39.48,10,14,0,0,1,1,2,2,24,27,0,1,True,True
4.430816798843313,1.791759469228055,18,-75.06,39.8,4,12,0,0,1,0,5,1,35,32,4,1,True,True
4.143134726391533,4.189654742026425,17,-75.2,39.22,10,0,1,0,1,0,2,5,35,7,17,0,True,True
4.454347296253507,2.833213344056216,20,-74.93,39.22,5,16,0,0,1,0,2,2,35,4,0,0,True,True
3.091042453358316,1.0986122886681098,21,-75.09,40.27,3,0,0,0,1,1,5,2,35,30,17,1,False,True
4.499809670330265,2.9444389791664403,7,-74.74,39.19,10,1,1,0,0,1,5,5,35,7,8,1,True,True
4.189654742026425,4.0943445622221,15,-74.84,40.99,9,12,0,0,1,1,2,5,24,5,7,1,True,True
3.9318256327243257,0.6931471805599453,19,-75.28,39.94,2,7,1,0,0,0,5,5,33,10,13,0,True,True
4.574710978503383,2.9444389791664403,6,-74.79,39.96,12,15,0,0,1,1,5,5,14,32,14,0,True,True
3.912023005428146,2.70805020110221,5,-74.35,39.77,4,4,0,1,0,0,2,5,44,30,4,1,True,True
3.7376696182833684,4.204692619390966,10,-75.31,40.27,4,24,1,1,0,0,5,2,35,10,10,0,True,True
3.713572066704308,1.6094379124341003,10,-75.33,40.05,12,14,1,1,1,0,5,5,35,37,7,0,True,True
2.8903717578961645,2.70805020110221,5,-74.19,40.91,5,16,0,0,1,1,5,5,24,26,8,0,False,True
2.1972245773362196,3.784189633918261,8,-75.11,39.85,11,12,0,1,1,0,5,5,24,32,9,1,True,True
4.418840607796598,4.23410650459726,19,-75.0,39.2,9,14,1,0,0,1,5,2,35,6,15,1,True,True
4.204692619390966,4.61512051684126,23,-75.5,40.11,9,23,0,0,1,1,5,5,35,31,13,1,True,True
4.532599493153256,4.406719247264253,2,-74.55,39.54,7,13,0,1,0,0,5,1,35,1,17,1,True,True
2.8903717578961645,4.430816798843313,1,-75.21,39.53,3,15,1,0,0,1,5,5,24,25,10,1,True,True
3.9318256327243257,4.30406509320417,16,-75.13,40.48,8,15,0,0,1,1,1,3,33,25,11,0,False,False
3.8066624897703196,4.553876891600541,0,-74.64,39.08,6,1,0,1,1,0,2,5,35,37,8,1,True,True
4.189654742026425,2.995732273553991,13,-75.19,39.72,11,14,0,0,1,1,5,1,35,28,7,1,True,True
3.828641396489095,4.007333185232471,7,-74.24,39.45,10,23,1,0,0,1,1,2,35,33,13,1,True,True
3.871201010907891,4.48863636973214,16,-73.96,39.65,8,12,0,0,0,0,0,5,35,6,14,1,True,True
3.7376696182833684,2.772588722239781,20,-74.59,40.1,7,23,0,0,1,1,2,2,24,9,3,0,False,True
4.543294782270004,4.276666119016055,4,-73.93,40.46,7,0,0,0,0,0,5,2,24,31,6,1,True,True
4.553876891600541,4.584967478670572,11,-75.08,39.54,7,24,0,1,1,1,2,5,35,21,3,0,True,True
3.1780538303479458,4.499809670330265,2,-75.3,40.92,7,12,0,1,1,1,2,5,35,10,13,0,True,True
2.995732273553991,3.6635616461296463,23,-73.96,39.59,7,13,0,0,1,1,5,2,24,22,17,1,True,True
3.9318256327243257,2.995732273553991,23,-74.04,41.11,5,0,1,1,1,1,2,2,10,11,13,1,True,True
4.51085950651685,4.143134726391533,22,-73.95,40.02,12,15,0,1,1,1,5,5,35,26,7,1,True,True
3.8066624897703196,3.258096538021482,7,-74.21,39.68,12,3,1,0,0,1,5,2,23,29,7,0,True,True
2.6390573296152584,2.5649493574615367,11,-74.13,40.6,6,15,0,0,0,0,5,5,24,20,17,1,True,False
3.044522437723423,3.8501476017100584,15,-74.19,40.48,11,4,0,0,1,0,5,2,35,11,3,0,False,True
4.356708826689592,3.295836866004329,1,-74.11,40.76,11,1,0,1,1,1,2,5,35,18,10,1,False,True
3.9512437185814275,4.59511985013459,14,-74.04,39.15,4,24,0,1,0,1,5,3,35,37,14,0,True,True
3.713572066704308,3.4965075614664802,3,-75.42,38.97,2,1,0,1,1,0,2,2,35,22,3,0,True,True
4.290459441148391,2.772588722239781,21,-73.91,39.97,3,3,0,0,0,1,2,2,33,29,9,1,True,True
4.127134385045092,4.276666119016055,7,-74.75,40.11,9,23,0,1,1,1,5,5,35,18,3,1,True,True
2.5649493574615367,4.553876891600541,8,-75.26,39.22,12,24,0,0,1,1,5,5,35,16,14,0,False,True
4.584967478670572,3.4657359027997265,18,-74.85,38.96,5,23,1,0,1,1,5,2,35,34,5,0,True,True
3.4011973816621555,3.7612001156935624,1,-74.17,39.14,3,23,0,0,1,1,5,5,35,5,15,0,False,True
3.2188758248682006,3.332204510175204,4,-74.08,39.62,3,16,1,0,1,0,5,2,35,0,8,1,True,True
3.295836866004329,4.553876891600541,22,-73.94,39.23,4,4,0,1,0,0,5,5,24,21,5,0,True,True
3.828641396489095,4.59511985013459,4,-74.16,39.71,1,20,0,0,1,0,5,2,35,7,4,1,False,True
4.543294782270004,2.6390573296152584,14,-74.96,40.96,9,4,0,0,0,0,5,5,10,36,17,1,True,True
3.8918202981106265,4.330733340286331,4,-75.54,39.29,6,14,1,0,0,1,5,2,24,18,3,1,True,True
4.127134385045092,2.0794415416798357,23,-75.12,40.16,12,16,0,0,1,1,5,5,24,11,12,1,True,True
4.5217885770490405,3.4965075614664802,1,-75.39,39.6,12,0,1,0,1,1,5,2,18,22,15,1,True,True
3.4657359027997265,3.9318256327243257,22,-73.97,39.18,4,24,1,0,1,0,2,5,33,33,1,0,True,True
3.9889840465642745,4.605170185988092,2,-74.7,40.53,12,0,0,0,1,1,2,5,35,22,13,0,True,True
2.5649493574615367,3.7612001156935624,14,-75.34,39.18,12,13,1,1,1,0,5,5,35,26,5,1,False,True
3.367295829986474,4.574710978503383,17,-74.89,40.49,7,0,0,0,1,1,5,5,24,30,10,1,False,False
4.174387269895637,1.791759469228055,8,-74.99,39.16,3,24,1,0,1,1,2,5,35,4,12,1,True,False
3.713572066704308,3.58351893845611,2,-75.11,40.0,9,1,0,1,0,0,5,5,35,1,14,1,True,True
4.564348191467836,3.5263605246161616,12,-74.04,40.38,1,16,0,0,1,0,5,2,35,36,9,1,False,True
4.51085950651685,4.477336814478207,6,-75.08,40.89,10,7,1,1,0,0,5,5,35,15,2,0,True,True
3.6109179126442243,4.174387269895637,0,-74.91,40.16,1,8,0,1,1,1,2,2,35,11,9,1,True,True
4.605170185988092,4.276666119016055,21,-74.02,40.27,7,3,0,0,1,1,1,2,35,22,17,1,True,True
2.8903717578961645,2.6390573296152584,17,-74.68,39.99,8,12,1,0,1,1,5,2,33,26,12,0,False,True
3.8066624897703196,4.248495242049359,14,-75.43,40.86,10,4,0,1,1,1,5,5,35,37,4,1,True,False
4.127134385045092,4.30406509320417,0,-74.54,39.64,4,7,1,0,0,0,1,5,35,39,15,1,False,True
4.189654742026425,3.784189633918261,3,-74.88,39.55,8,16,1,1,0,1,2,2,10,29,13,1,True,True
4.430816798843313,4.5217885770490405,7,-75.51,41.12,10,1,0,1,1,0,2,2,24,9,9,1,True,True
3.970291913552122,4.574710978503383,3,-73.94,40.79,12,12,1,1,1,0,5,2,35,4,17,0,False,True
3.258096538021482,4.127134385045092,11,-75.16,40.54,6,23,1,0,0,0,5,2,39,16,6,0,True,True
4.060443010546419,3.4339872044851463,9,-74.42,39.06,11,12,1,1,1,1,5,1,35,26,8,0,False,False
4.189654742026425,3.9889840465642745,11,-74.55,40.58,2,7,0,0,1,1,5,1,35,26,0,1,True,True
4.290459441148391,2.833213344056216,9,-74.64,39.44,7,8,1,0,1,0,2,5,35,20,15,1,False,True
4.51085950651685,4.07753744390572,5,-73.98,39.57,5,0,0,1,1,1,5,5,33,39,4,1,True,True
3.4339872044851463,4.499809670330265,21,-74.23,41.12,6,7,1,0,1,1,5,5,35,9,10,0,True,True
3.9318256327243257,3.6109179126442243,15,-75.17,39.78,4,24,0,0,0,0,2,2,35,16,11,0,True,True
4.61512051684126,4.5217885770490405,18,-75.49,40.93,6,16,0,0,1,0,5,5,24,37,6,1,True,True
3.4011973816621555,4.276666119016055,9,-74.27,40.83,5,8,0,0,0,1,5,5,24,29,11,1,True,True
4.3694478524670215,4.574710978503383,17,-74.29,39.57,11,3,0,1,1,0,2,2,35,25,10,0,True,False
3.7612001156935624,1.9459101490553132,20,-75.52,40.07,10,16,0,0,0,1,5,5,35,1,0,0,True,True
2.8903717578961645,2.995732273553991,20,-74.71,39.84,1,24,0,1,1,1,2,5,35,20,12,1,True,True
2.3978952727983707,4.394449154672439,11,-74.79,39.03,8,24,1,0,1,1,2,5,35,34,7,0,True,True
4.1588830833596715,4.30406509320417,20,-74.71,39.87,4,14,0,0,1,1,2,2,35,4,12,0,True,True
4.406719247264253,4.477336814478207,15,-75.48,40.4,8,8,0,0,1,1,2,1,24,18,2,1,True,True
4.59511985013459,4.248495242049359,17,-74.17,39.49,1,15,1,0,1,1,2,5,41,32,9,1,True,True
2.995732273553991,3.4011973816621555,21,-74.14,39.63,11,24,1,0,1,1,5,2,35,29,2,1,True,True
4.532599493153256,4.356708826689592,18,-74.96,40.5,11,16,1,0,0,0,5,5,35,31,13,0,True,False
3.5263605246161616,2.6390573296152584,6,-74.79,40.47,4,8,1,0,1,1,5,2,35,37,12,0,True,True
3.871201010907891,4.330733340286331,23,-74.19,40.5,6,1,0,1,1,0,2,5,24,9,15,0,True,True
4.02535169073515,3.7376696182833684,3,-75.25,41.27,1,15,1,0,0,0,2,5,35,21,0,1,True,True
4.574710978503383,4.430816798843313,18,-75.02,40.36,4,0,0,0,1,1,5,2,14,5,9,0,True,True
3.258096538021482,3.7376696182833684,15,-74.28,40.31,2,8,0,0,1,0,2,2,24,5,9,1,True,True
4.23410650459726,3.5553480614894135,1,-74.02,39.58,8,0,0,1,1,1,5,5,35,18,0,1,True,True
2.3978952727983707,3.6109179126442243,23,-75.17,39.7,11,14,0,0,1,0,2,2,24,33,13,0,True,False
3.784189633918261,2.5649493574615367,16,-75.05,39.6,6,8,0,0,1,1,5,5,35,4,10,0,True,True
1.0986122886681098,4.553876891600541,0,-74.31,39.43,5,14,0,0,0,0,2,5,35,5,17,1,True,True
3.044522437723423,4.394449154672439,5,-74.76,40.91,5,13,1,0,1,1,5,2,14,6,2,1,False,True
3.295836866004329,2.0794415416798357,20,-75.25,39.81,2,0,0,1,1,1,5,5,35,5,11,0,True,False
4.477336814478207,4.343805421853684,17,-74.37,40.06,11,20,1,1,0,1,5,2,24,27,7,1,True,True
4.30406509320417,4.290459441148391,4,-75.51,40.58,7,0,1,0,0,1,1,2,35,1,4,0,True,True
4.553876891600541,4.5217885770490405,5,-74.49,40.79,1,23,0,0,0,1,5,5,24,11,6,1,True,False
3.1780538303479458,3.2188758248682006,1,-75.19,39.91,5,15,0,0,0,0,2,5,24,16,6,1,True,True
4.553876891600541,2.8903717578961645,3,-75.12,41.26,8,3,0,0,0,1,2,2,35,37,0,0,True,True
2.3978952727983707,2.5649493574615367,18,-74.7,39.68,4,16,0,0,1,1,2,2,35,26,9,1,True,False
1.0986122886681098,4.442651256490317,1,-74.06,39.0,6,3,0,0,0,1,1,2,35,31,5,1,True,True
3.4011973816621555,4.07753744390572,16,-73.93,40.62,5,24,1,0,0,0,5,2,35,0,11,1,True,True
2.8903717578961645,4.48863636973214,11,-75.3,40.34,1,3,0,1,1,0,2,2,35,31,5,1,True,True
4.382026634673881,3.7612001156935624,13,-75.14,40.13,3,14,0,1,0,0,2,5,14,33,17,1,False,True
3.367295829986474,3.6375861597263857,11,-75.39,39.66,4,8,0,0,1,1,5,5,33,1,3,0,True,True
2.6390573296152584,4.127134385045092,1,-74.72,40.84,1,16,0,0,1,1,5,5,35,6,13,1,False,True
1.6094379124341003,4.553876891600541,11,-75.1,39.37,10,4,0,0,1,1,5,5,35,31,5,0,True,True
3.8066624897703196,3.044522437723423,22,-75.33,41.2,8,14,0,0,1,1,5,4,35,34,9,0,False,True
1.9459101490553132,3.828641396489095,12,-74.34,39.27,10,1,0,0,1,1,2,2,35,33,1,0,True,True
2.5649493574615367,1.0986122886681098,7,-75.4,40.24,1,3,0,0,0,1,5,2,35,9,5,1,True,True
4.454347296253507,2.8903717578961645,15,-74.09,41.27,5,16,0,0,1,0,5,2,16,25,13,1,True,True
4.454347296253507,1.3862943611198906,10,-75.2,39.25,1,20,1,0,1,1,5,5,24,29,2,0,True,True
2.3978952727983707,3.6635616461296463,1,-75.52,41.2,3,15,0,1,1,1,1,5,35,31,17,0,True,False
3.5263605246161616,2.0794415416798357,20,-74.01,39.13,12,24,1,1,1,1,1,2,35,20,2,1,True,True
4.174387269895637,4.127134385045092,1,-74.08,40.25,5,3,0,0,1,1,2,5,35,32,13,1,True,True
4.5217885770490405,3.091042453358316,2,-73.96,39.92,8,14,1,0,1,1,5,1,35,0,10,0,False,True
2.3978952727983707,3.713572066704308,5,-74.24,39.34,11,8,1,1,1,1,5,2,35,15,13,0,True,False
4.442651256490317,3.1354942159291497,14,-75.46,40.64,12,23,0,1,0,0,5,2,24,4,8,0,True,True
3.6109179126442243,4.1588830833596715,6,-74.6,40.13,12,1,0,1,1,0,5,2,24,26,8,1,True,True
4.2626798770413155,4.532599493153256,22,-75.41,39.97,10,8,0,1,1,0,5,2,35,22,11,1,True,True
3.4965075614664802,3.8501476017100584,9,-75.12,39.09,2,14,0,0,1,0,5,5,14,1,5,0,True,True
3.9889840465642745,4.204692619390966,13,-74.73,40.69,4,16,0,1,1,1,5,5,16,36,4,0,True,True
4.02535169073515,4.5217885770490405,7,-75.01,39.08,9,20,0,0,0,0,5,5,35,16,11,0,False,True
4.007333185232471,3.367295829986474,15,-74.07,39.95,11,12,0,0,1,0,2,5,35,22,6,0,False,True
3.4011973816621555,2.9444389791664403,11,-75.01,40.66,1,0,0,0,1,1,2,1,14,32,14,0,True,True
4.219507705176107,4.07753744390572,23,-73.98,39.71,2,16,1,1,1,1,5,4,35,29,11,0,False,True
0.6931471805599453,0.6931471805599453,16,-74.05,40.69,3,16,0,0,0,1,2,5,38,39,7,1,True,True
4.584967478670572,4.394449154672439,12,-74.35,41.04,5,13,0,0,1,0,5,2,35,9,7,1,True,True
2.772588722239781,4.30406509320417,16,-75.24,41.15,12,23,0,0,0,0,2,5,24,30,0,1,False,True
3.6109179126442243,3.58351893845611,19,-75.12,39.53,5,24,0,0,1,1,5,2,24,39,11,1,True,True
4.248495242049359,4.31748811353631,20,-74.29,38.97,10,13,1,0,0,0,5,2,24,7,1,0,True,False
4.2626798770413155,2.1972245773362196,8,-74.78,40.31,12,4,0,0,0,0,5,1,33,39,10,1,True,True
4.07753744390572,3.4339872044851463,2,-74.11,41.08,1,24,1,0,1,1,5,5,24,20,11,0,False,True
4.110873864173311,4.382026634673881,17,-74.98,39.27,9,0,1,1,0,1,5,5,35,15,5,1,True,True
3.8066624897703196,4.430816798843313,1,-74.93,40.15,6,13,0,1,1,1,5,5,33,30,6,0,True,True
3.258096538021482,3.2188758248682006,12,-75.13,39.28,8,14,0,0,1,1,5,5,35,27,6,0,True,True
0.6931471805599453,4.418840607796598,13,-74.84,40.36,10,15,1,0,1,1,2,1,35,0,12,0,True,True
4.48863636973214,1.791759469228055,6,-74.92,39.89,5,1,1,0,1,1,2,5,35,25,14,1,True,True
3.258096538021482,4.382026634673881,0,-74.71,40.77,7,23,1,1,1,1,5,5,33,1,17,0,False,True
3.1780538303479458,3.6888794541139363,1,-75.16,41.07,3,24,1,0,1,0,2,5,35,36,0,0,True,True
4.418840607796598,4.07753744390572,13,-75.23,40.26,5,24,0,1,1,1,2,5,33,37,8,0,True,False
4.564348191467836,2.4849066497880004,17,-74.99,39.59,5,13,1,1,1,1,2,5,23,27,9,1,True,True
4.418840607796598,3.5263605246161616,20,-75.4,40.61,11,23,0,1,1,0,5,5,35,31,6,1,False,True
4.23410650459726,4.23410650459726,4,-74.61,39.42,3,3,0,1,1,1,5,2,35,34,12,0,True,False
3.044522437723423,3.1354942159291497,5,-74.26,39.43,5,23,1,1,1,0,2,2,35,4,1,0,True,True
4.564348191467836,3.6888794541139363,8,-74.66,39.47,2,8,1,0,1,0,2,2,35,5,13,1,False,True
4.584967478670572,1.3862943611198906,15,-74.19,41.01,8,12,0,1,0,1,2,2,16,7,12,1,True,True
3.332204510175204,4.394449154672439,22,-75.37,39.6,8,20,0,0,0,0,5,5,24,31,6,0,True,True
0.6931471805599453,2.833213344056216,19,-75.28,39.19,6,14,0,0,1,0,5,2,35,9,7,1,True,True
4.406719247264253,4.532599493153256,11,-74.54,40.8,8,13,0,0,0,1,5,2,35,6,14,0,True,True
4.276666119016055,4.477336814478207,16,-75.06,39.29,7,16,1,0,1,1,2,2,35,30,0,0,True,True
4.394449154672439,4.3694478524670215,12,-74.07,39.01,11,16,0,1,0,1,2,2,24,10,6,0,True,True
4.189654742026425,4.454347296253507,9,-74.88,40.51,1,15,0,0,1,0,5,2,35,36,14,0,True,True
4.02535169073515,3.713572066704308,23,-74.03,39.05,6,0,0,1,0,1,2,3,23,36,9,1,True,True
4.499809670330265,1.791759469228055,16,-74.34,39.92,5,0,0,0,0,1,5,2,35,22,12,0,True,True
3.332204510175204,1.9459101490553132,1,-75.45,39.81,9,24,1,1,1,1,5,5,35,5,15,0,True,False
3.258096538021482,3.4657359027997265,10,-74.05,40.36,3,8,1,0,0,1,5,5,35,31,10,1,True,True
4.143134726391533,4.477336814478207,21,-74.1,39.86,12,0,0,1,0,1,5,2,35,29,10,1,True,True
4.394449154672439,2.5649493574615367,3,-74.24,40.77,8,4,0,0,0,0,2,2,35,30,15,0,True,True
0.6931471805599453,4.442651256490317,22,-74.63,39.52,9,24,1,0,1,0,5,5,24,20,2,1,False,True
4.060443010546419,4.143134726391533,20,-74.4,39.47,2,16,0,0,1,0,5,1,24,21,9,1,True,True
2.3978952727983707,3.9889840465642745,11,-74.44,39.47,1,12,0,0,0,1,2,4,35,27,5,1,True,False
4.2626798770413155,3.8501476017100584,11,-74.17,39.73,11,16,1,0,0,1,5,5,7,7,4,0,True,False
3.091042453358316,3.332204510175204,3,-73.9,40.45,9,14,1,1,1,0,5,5,35,33,17,0,True,True
4.23410650459726,4.204692619390966,1,-74.12,39.31,2,24,0,0,0,0,5,2,35,29,1,1,True,True
2.4849066497880004,3.912023005428146,18,-75.37,40.24,12,20,0,0,0,1,2,2,16,16,5,1,False,True
4.543294782270004,2.5649493574615367,23,-74.03,41.04,9,20,0,1,0,1,5,2,35,28,2,1,False,True
3.367295829986474,4.04305126783455,7,-74.66,40.74,7,4,1,1,1,1,2,5,35,36,5,1,True,True
3.4965075614664802,3.4339872044851463,4,-75.4,40.24,4,24,0,0,1,1,5,5,35,29,7,0,False,True
4.543294782270004,3.1354942159291497,7,-74.72,39.23,2,8,0,0,1,0,2,5,35,33,10,1,True,True
2.772588722239781,4.382026634673881,8,-74.97,40.83,3,4,1,1,1,1,5,2,35,36,12,0,True,True
3.6888794541139363,4.143134726391533,7,-74.73,40.08,6,23,0,1,1,1,2,5,24,6,1,0,True,True
4.3694478524670215,4.290459441148391,1,-75.19,41.16,3,3,0,0,0,0,2,2,35,36,1,0,True,True
4.1588830833596715,4.204692619390966,13,-75.07,40.08,9,13,0,0,1,1,5,5,35,7,8,1,False,True
4.48863636973214,4.406719247264253,11,-74.71,39.5,2,24,0,1,0,0,2,2,35,6,3,0,True,True
3.295836866004329,4.48863636973214,18,-74.71,40.48,12,15,0,0,0,1,2,5,35,26,0,0,True,True
1.0986122886681098,4.48863636973214,6,-74.11,39.99,4,12,1,1,0,1,2,5,35,30,1,0,False,False
4.060443010546419,3.4657359027997265,4,-74.58,40.69,1,3,0,0,0,1,5,1,24,1,7,1,True,True
4.430816798843313,2.4849066497880004,19,-74.0,39.9,7,14,1,0,0,1,2,5,24,0,10,0,True,True
3.2188758248682006,3.5553480614894135,18,-74.9,39.24,8,16,0,1,0,1,2,5,37,16,9,1,True,True
4.0943445622221,4.219507705176107,6,-74.88,40.1,3,0,0,0,1,1,4,5,35,28,17,0,False,True
4.219507705176107,4.3694478524670215,15,-74.64,39.11,2,0,0,0,1,1,5,5,35,5,11,1,True,True
2.0794415416798357,1.791759469228055,12,-74.81,39.87,11,3,1,1,1,1,2,5,35,21,2,0,True,True
4.5217885770490405,0.6931471805599453,11,-75.55,39.94,3,8,0,1,1,0,5,2,35,36,13,1,True,True
4.1588830833596715,1.9459101490553132,22,-75.48,39.12,6,24,1,0,0,1,2,2,35,28,5,1,True,True
4.477336814478207,3.6109179126442243,5,-74.02,39.77,12,7,0,1,0,0,5,5,35,22,3,1,True,True
3.7376696182833684,4.356708826689592,23,-75.54,40.4,10,20,1,1,1,1,1,5,35,25,12,1,False,True
3.6375861597263857,3.4339872044851463,14,-74.91,41.24,6,1,1,1,1,1,1,5,35,7,1,1,False,True
4.23410650459726,4.007333185232471,4,-74.24,40.82,6,20,0,1,0,1,5,2,35,5,4,0,False,True
4.3694478524670215,4.5217885770490405,6,-74.77,40.48,11,13,0,1,0,1,5,2,24,1,13,1,True,True
1.0986122886681098,3.5553480614894135,2,-74.51,39.31,8,4,0,0,1,1,5,2,35,18,8,1,True,True
3.970291913552122,3.9512437185814275,2,-75.51,41.04,4,13,0,1,1,1,5,1,35,31,5,1,True,False
4.564348191467836,4.442651256490317,5,-74.45,39.49,11,0,0,0,0,1,2,2,24,29,9,1,True,False
4.418840607796598,4.564348191467836,20,-75.28,39.6,6,8,0,1,0,1,5,5,14,32,17,1,True,True
3.8918202981106265,4.3694478524670215,6,-74.54,40.34,5,20,1,1,0,0,5,5,35,20,9,0,True,True
4.553876891600541,3.828641396489095,21,-74.03,39.94,12,12,0,0,1,1,5,2,24,28,17,1,True,True
4.553876891600541,3.7612001156935624,2,-74.07,41.12,9,23,1,0,1,0,5,2,38,18,17,0,True,True
4.356708826689592,4.532599493153256,1,-75.41,39.82,4,14,0,0,1,1,5,5,24,22,7,0,True,True
4.59511985013459,2.833213344056216,18,-74.28,40.21,2,1,0,1,0,1,5,2,24,15,15,1,True,True
3.091042453358316,4.1588830833596715,21,-75.21,39.66,10,20,0,0,1,0,5,2,35,32,14,1,False,True
3.367295829986474,3.58351893845611,9,-73.97,40.18,9,13,0,0,0,1,5,5,37,22,0,1,True,True
3.58351893845611,4.343805421853684,16,-74.08,40.17,7,0,0,1,0,1,5,5,24,22,4,0,False,True
1.3862943611198906,2.995732273553991,3,-74.21,39.51,6,12,1,0,1,0,2,5,35,4,9,0,False,True
2.833213344056216,4.31748811353631,23,-74.85,41.03,11,24,0,1,1,1,2,5,35,25,2,1,True,True
2.9444389791664403,3.091042453358316,2,-73.94,40.31,9,4,0,1,1,0,2,5,35,39,15,1,True,True
3.8066624897703196,3.4339872044851463,0,-74.83,41.08,6,3,1,1,1,1,2,5,24,6,4,1,False,True
4.356708826689592,4.454347296253507,6,-74.5,39.69,10,14,0,0,1,0,2,5,37,18,5,1,True,True
4.477336814478207,4.48863636973214,12,-75.41,39.99,1,7,1,0,0,0,2,2,24,28,17,1,True,True
3.6375861597263857,4.23410650459726,0,-74.07,40.24,7,3,1,0,0,1,2,5,35,20,14,0,True,True
3.1780538303479458,3.5553480614894135,7,-74.71,39.82,9,7,1,0,1,1,5,5,7,4,1,0,True,True
3.258096538021482,4.343805421853684,0,-74.11,40.29,5,14,1,0,1,0,4,5,35,26,15,1,True,True
4.204692619390966,4.276666119016055,11,-75.48,39.06,9,7,0,1,0,1,5,5,14,5,3,1,True,True
3.1780538303479458,4.356708826689592,18,-74.66,40.38,8,15,1,0,1,1,5,5,35,9,11,1,True,True
4.605170185988092,4.465908118654584,2,-74.49,39.0,4,3,1,1,0,0,5,5,35,16,1,1,True,True
4.382026634673881,4.499809670330265,5,-75.26,39.04,9,0,0,0,0,0,2,5,37,31,7,1,False,True
3.091042453358316,2.5649493574615367,20,-74.92,40.56,5,16,0,0,0,1,2,2,14,33,10,1,True,False
4.394449154672439,4.248495242049359,3,-74.54,40.17,8,8,0,1,1,1,5,2,25,9,7,0,True,False
3.6109179126442243,4.499809670330265,14,-74.36,39.99,7,13,0,0,1,1,5,2,24,18,14,1,True,True
3.6109179126442243,4.356708826689592,22,-75.35,40.23,7,24,1,0,1,0,5,2,24,29,17,1,False,True
4.51085950651685,2.0794415416798357,8,-74.92,39.95,9,1,0,0,1,1,2,5,35,18,13,1,True,False
4.543294782270004,4.276666119016055,11,-75.0,40.06,4,16,0,1,1,1,5,2,23,15,8,0,True,True
3.9318256327243257,3.1780538303479458,17,-74.84,39.38,5,8,1,0,1,0,5,2,31,25,9,1,True,True
2.772588722239781,2.9444389791664403,12,-75.37,40.1,4,14,0,1,1,0,5,5,13,5,14,1,True,False
3.044522437723423,2.5649493574615367,5,-73.9,40.08,6,20,0,0,0,1,1,2,35,20,8,0,True,True
3.828641396489095,4.48863636973214,0,-75.06,39.47,9,0,1,1,0,0,5,2,33,0,8,1,False,True
3.091042453358316,3.4011973816621555,8,-74.78,40.58,7,20,1,0,1,1,2,5,35,32,8,0,False,True
3.5553480614894135,3.4965075614664802,13,-75.51,40.72,3,8,1,0,1,1,5,2,35,7,3,1,True,False
2.6390573296152584,4.290459441148391,5,-75.27,39.73,12,7,0,0,1,1,5,5,35,32,2,1,True,True
3.6635616461296463,3.4965075614664802,6,-74.03,40.2,2,7,0,0,1,0,2,5,35,1,7,0,True,True
4.394449154672439,3.970291913552122,14,-73.91,39.11,1,7,1,0,1,1,5,2,37,1,1,1,False,True
1.0986122886681098,3.332204510175204,7,-74.28,40.34,3,12,0,0,0,1,5,2,35,29,9,1,True,True
3.713572066704308,3.5553480614894135,10,-74.62,38.98,3,23,1,0,1,0,2,5,24,26,6,0,False,True
3.6888794541139363,4.553876891600541,6,-74.06,39.15,2,14,0,0,1,1,2,5,25,39,2,0,True,True
3.8066624897703196,2.70805020110221,8,-74.89,40.24,2,23,1,0,1,1,2,2,35,6,2,1,True,True
4.30406509320417,4.189654742026425,4,-75.12,40.42,9,0,0,0,1,1,1,5,24,20,5,1,True,True
4.30406509320417,3.1354942159291497,21,-74.94,40.18,2,23,0,0,0,1,5,5,35,34,1,1,True,True
2.4849066497880004,4.330733340286331,2,-74.98,40.42,4,14,0,0,0,1,2,5,25,22,7,1,False,True
2.833213344056216,4.330733340286331,6,-74.21,39.96,1,0,1,1,1,1,2,2,35,30,6,1,False,True
4.5217885770490405,3.7612001156935624,11,-75.42,39.46,4,3,0,0,1,1,2,2,35,0,12,1,True,True
2.5649493574615367,3.7376696182833684,21,-74.47,40.7,12,24,0,0,1,1,5,5,35,33,2,0,True,True
4.5217885770490405,4.356708826689592,22,-74.16,41.2,7,0,1,0,1,1,5,2,24,25,0,0,False,True
4.174387269895637,2.833213344056216,16,-74.82,40.68,7,20,0,0,0,0,2,5,24,7,3,1,True,True
4.454347296253507,4.5217885770490405,4,-75.28,39.21,2,1,1,0,1,1,5,5,33,1,0,0,False,True
4.30406509320417,4.31748811353631,1,-73.97,40.2,1,23,0,0,1,0,5,2,35,29,4,0,True,False
4.127134385045092,4.442651256490317,13,-74.44,40.69,3,24,0,0,1,1,2,2,24,9,3,1,True,True
3.332204510175204,1.9459101490553132,14,-74.19,40.29,6,24,1,0,0,0,2,5,35,20,4,1,True,True
4.48863636973214,3.9512437185814275,14,-74.2,40.71,12,24,0,0,0,1,5,5,33,15,17,0,False,True
3.912023005428146,4.174387269895637,7,-75.26,39.02,7,23,0,0,1,0,2,2,35,26,10,0,False,True
2.833213344056216,1.791759469228055,18,-74.4,41.01,4,4,1,0,1,1,5,1,35,36,12,1,False,True
2.4849066497880004,4.454347296253507,21,-74.96,39.21,2,0,0,0,0,1,5,5,35,9,8,0,True,True
3.8918202981106265,4.31748811353631,8,-74.92,39.26,7,12,0,1,0,1,3,1,24,39,0,0,True,True
4.553876891600541,1.0986122886681098,10,-75.06,40.15,3,20,0,0,0,1,2,2,24,29,10,0,True,True
4.0943445622221,4.343805421853684,23,-75.29,39.06,12,16,0,0,1,0,5,5,14,5,4,1,True,True
4.61512051684126,4.574710978503383,4,-74.91,39.39,9,4,0,0,1,1,5,2,35,22,14,0,True,True
2.0794415416798357,4.454347296253507,9,-74.2,39.87,3,13,1,1,1,0,5,5,24,39,13,0,True,True
4.394449154672439,4.477336814478207,0,-74.56,39.47,2,20,0,0,1,1,4,2,24,9,1,1,False,True
4.477336814478207,1.6094379124341003,20,-74.49,39.02,12,7,1,0,1,1,5,2,24,27,14,1,True,False
4.454347296253507,4.553876891600541,16,-74.63,41.2,8,20,0,0,1,1,5,1,35,28,5,1,True,True
2.302585092994046,3.6375861597263857,5,-74.9,40.57,5,16,0,1,1,1,5,5,37,6,2,1,False,True
0.6931471805599453,3.258096538021482,11,-75.4,40.03,5,13,0,0,1,1,5,1,14,7,7,1,True,True
4.430816798843313,3.5553480614894135,2,-74.04,41.22,8,1,0,0,1,0,5,5,13,1,12,0,True,True
2.70805020110221,3.9889840465642745,8,-75.16,39.99,11,8,1,0,1,1,5,5,35,16,8,1,True,True
1.0986122886681098,2.9444389791664403,8,-74.86,41.18,9,1,0,0,1,0,5,5,24,30,17,0,True,True
4.477336814478207,2.1972245773362196,23,-74.36,39.08,2,14,0,0,1,1,5,5,24,27,0,0,True,True
4.418840607796598,4.219507705176107,1,-74.96,39.09,5,23,0,1,1,1,5,5,35,0,5,1,True,True
4.442651256490317,2.995732273553991,18,-74.36,40.37,10,12,0,0,1,1,5,3,24,9,11,1,True,True
3.2188758248682006,4.31748811353631,4,-74.44,39.7,10,12,1,0,0,0,2,2,35,16,13,1,True,True
4.31748811353631,3.367295829986474,4,-75.21,40.82,11,16,0,0,0,0,5,5,41,26,2,0,True,True
4.060443010546419,2.302585092994046,21,-74.84,40.67,7,24,0,0,1,0,5,5,33,32,7,0,True,True
2.70805020110221,3.784189633918261,3,-74.98,39.72,8,15,0,0,0,0,2,5,35,26,14,0,True,True
4.59511985013459,2.1972245773362196,9,-74.37,39.9,12,4,0,0,1,0,4,2,24,0,7,1,False,True
0.6931471805599453,4.31748811353631,14,-75.2,39.27,3,20,0,0,0,1,2,2,35,25,6,0,False,True
4.219507705176107,2.3978952727983707,5,-75.34,39.43,10,15,0,0,1,1,5,2,35,37,9,1,True,True
4.174387269895637,4.574710978503383,9,-74.85,39.38,9,16,0,0,0,0,5,2,35,27,8,0,True,True
4.23410650459726,3.8501476017100584,4,-74.51,39.78,10,4,0,1,1,1,2,5,25,18,14,1,True,True
2.1972245773362196,2.5649493574615367,1,-74.45,39.79,7,14,1,0,1,1,5,5,33,37,7,0,True,False
3.9889840465642745,3.044522437723423,14,-74.55,39.92,8,12,0,0,1,1,5,5,35,10,8,0,True,True
3.5263605246161616,4.356708826689592,9,-74.95,40.26,7,15,0,0,0,1,1,1,14,6,15,0,False,True
4.3694478524670215,3.8918202981106265,21,-75.16,40.5,12,1,0,1,1,1,2,2,24,6,12,0,True,True
2.833213344056216,4.51085950651685,7,-75.03,41.05,1,15,1,1,0,0,5,5,24,0,14,0,True,True
4.584967478670572,2.9444389791664403,5,-74.42,41.11,6,0,1,0,0,0,2,5,24,39,6,1,True,True
4.356708826689592,3.9889840465642745,17,-75.32,41.07,7,4,1,0,1,0,5,2,24,6,4,0,True,True
3.7612001156935624,2.0794415416798357,8,-74.09,41.16,3,1,0,0,0,0,5,5,35,39,13,0,True,False
4.477336814478207,4.30406509320417,22,-75.48,40.42,2,4,0,1,1,1,5,5,24,4,17,1,True,True
4.48863636973214,3.295836866004329,21,-74.4,41.18,8,14,1,1,0,0,5,2,35,1,8,1,True,True
3.044522437723423,4.3694478524670215,19,-74.87,39.55,2,4,0,0,1,0,5,2,35,7,13,1,True,True
4.02535169073515,4.48863636973214,14,-75.21,40.44,6,23,0,0,0,0,5,5,24,25,13,0,True,True
4.290459441148391,3.5553480614894135,21,-74.86,40.16,7,4,1,1,1,1,5,5,24,7,9,1,True,False
4.3694478524670215,4.2626798770413155,14,-75.34,40.69,3,1,0,0,1,1,2,5,35,36,2,1,True,True
2.3978952727983707,2.6390573296152584,7,-74.24,40.86,3,7,0,1,0,1,5,5,35,20,8,1,True,True
4.290459441148391,4.060443010546419,20,-74.11,40.64,8,15,0,1,1,1,0,2,35,16,9,1,True,True
2.4849066497880004,4.2626798770413155,12,-73.99,40.48,6,13,0,0,1,1,5,5,35,7,2,1,False,True
3.6109179126442243,4.564348191467836,3,-74.71,39.58,7,23,0,0,1,0,5,2,35,34,0,0,True,True
3.9318256327243257,4.2626798770413155,23,-73.95,41.12,5,14,0,0,0,0,5,5,35,31,1,1,True,True
4.553876891600541,4.23410650459726,12,-75.12,40.42,12,8,0,1,0,1,2,5,35,20,8,1,False,True
4.442651256490317,2.3978952727983707,0,-74.48,41.2,1,13,0,0,1,1,5,5,24,16,17,0,True,True
4.59511985013459,2.833213344056216,2,-75.03,40.99,7,12,1,0,0,1,5,5,35,32,15,1,True,True
3.1780538303479458,3.4011973816621555,4,-75.4,39.37,8,12,1,0,1,0,5,5,35,36,14,1,True,True
3.5553480614894135,4.143134726391533,4,-75.51,41.28,4,20,0,1,0,1,5,2,24,15,17,0,True,True
3.8066624897703196,4.406719247264253,1,-74.35,40.64,11,13,0,1,1,1,2,5,35,4,7,1,True,True
3.5263605246161616,2.4849066497880004,11,-73.91,39.02,4,4,1,0,1,0,3,2,24,32,14,1,True,True
4.499809670330265,4.356708826689592,13,-75.47,40.7,9,0,0,0,1,1,5,5,14,0,7,1,True,False
4.330733340286331,4.51085950651685,17,-74.1,39.28,1,20,1,1,0,1,5,5,35,28,13,0,True,False
4.30406509320417,3.828641396489095,19,-74.38,40.6,1,8,0,0,1,1,5,5,35,34,6,1,True,False
4.189654742026425,4.189654742026425,16,-74.98,39.83,9,15,0,1,0,0,5,2,35,10,0,0,True,False
4.59511985013459,4.110873864173311,3,-75.46,40.2,7,4,1,0,1,1,5,2,35,36,9,1,True,True
2.4849066497880004,1.791759469228055,9,-74.65,40.91,4,24,1,0,1,0,3,2,35,32,14,0,True,True
2.9444389791664403,2.9444389791664403,4,-74.06,39.65,10,0,0,0,0,1,5,5,10,11,14,0,True,False
3.6635616461296463,3.970291913552122,22,-75.43,40.05,6,8,0,1,1,0,5,5,35,6,15,0,True,True
4.1588830833596715,3.4339872044851463,8,-74.94,39.94,7,13,1,1,0,1,5,5,35,10,10,0,True,True
2.995732273553991,4.219507705176107,9,-74.62,41.26,5,1,0,0,0,1,5,5,35,27,3,0,True,True
3.8066624897703196,3.6109179126442243,11,-74.37,39.93,7,0,0,0,1,1,2,5,24,11,13,0,True,True
1.3862943611198906,3.9318256327243257,2,-74.06,40.54,7,1,1,0,1,1,2,2,18,30,1,0,False,True
4.07753744390572,4.143134726391533,19,-74.42,40.32,4,8,0,0,0,1,5,2,35,20,8,1,True,True
4.382026634673881,3.5553480614894135,5,-74.09,40.2,10,8,1,1,1,0,5,5,35,22,15,1,True,True
4.0943445622221,3.5553480614894135,3,-75.39,39.35,11,16,0,1,0,0,5,5,13,11,5,0,False,True
3.4011973816621555,2.6390573296152584,12,-75.15,40.78,6,23,1,0,1,0,5,5,35,29,14,1,True,True
2.302585092994046,4.465908118654584,14,-74.02,40.31,11,0,0,1,0,1,5,3,35,28,0,1,True,True
4.31748811353631,3.7612001156935624,23,-75.02,39.96,7,4,0,0,1,0,5,2,35,37,12,1,True,True
4.59511985013459,2.5649493574615367,4,-74.07,40.06,10,4,0,0,0,0,2,5,35,39,6,0,True,True
4.418840607796598,4.564348191467836,21,-74.71,40.18,2,14,0,1,1,1,5,2,35,29,5,0,True,False
4.454347296253507,4.382026634673881,22,-74.78,39.23,10,24,0,1,1,1,5,5,35,10,15,1,True,False
1.9459101490553132,4.31748811353631,0,-74.01,40.71,7,15,0,1,1,0,5,2,35,33,5,0,False,True
3.784189633918261,4.1588830833596715,15,-74.81,41.05,5,1,0,0,1,0,5,5,35,9,17,1,True,True
3.2188758248682006,2.5649493574615367,3,-75.26,41.07,4,13,0,0,0,1,2,2,24,22,13,1,True,True
4.219507705176107,3.828641396489095,5,-74.72,41.14,8,20,1,0,0,1,2,2,24,1,5,1,True,True
2.1972245773362196,4.30406509320417,6,-74.4,39.39,5,1,0,0,1,1,2,5,35,27,17,1,False,True
4.477336814478207,4.23410650459726,5,-74.53,39.7,7,0,0,0,1,1,5,5,33,16,12,1,False,True
3.970291913552122,1.3862943611198906,12,-75.17,39.11,10,14,0,1,0,0,5,5,35,15,7,0,True,True
2.8903717578961645,4.30406509320417,17,-74.32,40.14,9,13,0,1,1,1,5,2,35,36,5,1,True,True
3.828641396489095,2.70805020110221,23,-75.11,39.34,11,16,1,0,1,1,5,5,35,15,2,0,True,True
3.5553480614894135,4.143134726391533,2,-75.25,39.52,7,12,0,0,0,0,2,5,35,37,17,1,True,True
2.3978952727983707,4.0943445622221,13,-75.41,39.56,1,15,0,0,1,0,5,5,14,10,7,0,True,True
4.382026634673881,4.343805421853684,2,-75.05,39.62,4,23,0,0,1,1,2,2,14,22,11,0,True,True
0.6931471805599453,4.605170185988092,3,-74.78,39.18,3,15,0,1,1,1,5,2,35,7,1,1,True,True
3.58351893845611,4.564348191467836,23,-75.02,41.09,4,7,1,0,0,0,2,2,24,37,3,1,True,False
4.174387269895637,2.1972245773362196,3,-74.56,39.17,8,3,1,0,0,1,5,5,18,28,8,1,False,True
3.5263605246161616,4.532599493153256,13,-74.32,39.38,10,14,0,1,1,1,2,2,35,32,17,0,True,True
3.4965075614664802,3.044522437723423,18,-74.52,40.88,8,3,0,1,0,0,5,2,25,0,4,0,False,True
4.382026634673881,2.772588722239781,15,-74.15,39.02,7,15,1,0,1,1,5,5,33,36,9,0,True,True
4.532599493153256,3.784189633918261,17,-75.54,41.07,8,12,1,1,1,0,5,2,35,26,13,0,True,True
4.060443010546419,3.4657359027997265,11,-75.05,39.13,6,16,0,0,1,1,5,4,35,34,17,1,True,True
4.219507705176107,3.871201010907891,23,-75.19,40.94,11,15,1,0,1,0,2,5,24,31,9,1,True,True
3.970291913552122,1.0986122886681098,14,-74.76,39.79,7,16,1,1,1,0,4,2,14,15,5,0,True,True
3.4657359027997265,3.6109179126442243,10,-74.57,40.77,9,16,1,0,0,1,2,5,35,20,10,1,True,True
3.9512437185814275,3.9512437185814275,17,-74.11,40.34,10,16,1,0,0,0,5,2,14,33,10,0,True,True
3.912023005428146,1.3862943611198906,3,-75.0,40.46,10,7,0,0,1,0,2,1,39,10,11,0,True,True
3.9889840465642745,3.367295829986474,23,-75.11,39.77,6,15,0,0,1,1,2,5,35,7,3,1,True,True
4.02535169073515,4.127134385045092,10,-74.39,39.13,7,15,0,0,0,0,5,5,40,30,3,1,True,True
4.204692619390966,4.219507705176107,10,-75.34,39.39,1,14,0,1,0,1,5,2,35,33,11,1,False,True
4.543294782270004,0.6931471805599453,15,-74.21,40.95,7,20,0,1,1,1,2,5,24,18,0,1,False,False
4.51085950651685,3.4011973816621555,22,-74.67,40.99,4,12,1,0,1,1,5,5,24,25,10,1,True,True
2.833213344056216,3.5553480614894135,11,-74.74,41.05,7,13,0,0,0,1,5,5,35,39,17,0,True,False
4.394449154672439,4.02535169073515,3,-74.56,39.11,3,20,0,0,1,1,2,2,35,9,17,1,True,True
3.1780538303479458,4.04305126783455,18,-74.27,40.68,11,12,0,0,1,1,5,5,35,33,15,0,True,True
4.61512051684126,4.454347296253507,5,-75.31,39.89,9,3,1,1,0,1,5,5,24,29,0,1,True,True
4.343805421853684,3.295836866004329,17,-74.46,39.21,4,4,0,0,1,1,5,2,35,9,12,0,False,True
3.6109179126442243,2.833213344056216,7,-74.85,38.99,10,20,0,0,1,1,4,5,35,32,11,0,True,True
4.127134385045092,4.30406509320417,3,-75.02,39.36,12,7,0,1,0,0,5,2,35,9,5,1,True,True
4.564348191467836,3.713572066704308,17,-74.83,40.24,6,16,1,0,0,0,2,3,24,11,7,1,True,True
3.7376696182833684,2.6390573296152584,10,-74.48,39.36,7,24,0,1,1,1,2,5,18,30,10,1,True,True
1.791759469228055,4.553876891600541,15,-74.62,39.52,8,16,1,0,0,1,5,2,18,32,5,1,True,False
3.6888794541139363,4.060443010546419,4,-74.54,39.25,5,4,0,1,1,0,5,2,35,37,1,0,False,True
4.382026634673881,3.828641396489095,15,-75.21,39.47,7,16,1,0,1,1,2,5,35,15,15,1,False,True
4.394449154672439,4.59511985013459,6,-74.31,40.0,2,1,0,1,1,0,2,2,35,20,12,0,True,True
4.30406509320417,4.454347296253507,10,-74.25,40.07,8,24,0,0,1,1,3,1,35,4,12,0,True,True
4.007333185232471,3.4657359027997265,2,-74.57,39.63,8,4,0,1,0,0,5,2,35,21,11,1,True,True
3.6375861597263857,4.553876891600541,23,-74.03,40.09,10,20,1,0,0,1,5,5,35,39,6,0,True,True
2.1972245773362196,4.48863636973214,23,-74.95,40.08,2,14,0,0,0,1,5,5,35,31,1,1,False,False
4.30406509320417,3.6888794541139363,11,-74.96,40.19,8,14,0,1,0,0,5,4,35,21,1,0,True,False
2.4849066497880004,4.174387269895637,5,-74.08,41.16,7,0,1,0,1,1,2,5,39,26,5,0,True,True
3.6635616461296463,4.3694478524670215,9,-74.58,40.14,6,24,1,1,1,0,5,2,24,7,3,1,True,True
2.3978952727983707,4.110873864173311,0,-75.51,40.8,11,8,0,0,0,1,2,5,35,31,14,1,False,True
3.1354942159291497,4.543294782270004,9,-75.25,39.83,3,7,1,0,1,1,2,2,35,39,5,1,True,True
1.9459101490553132,4.356708826689592,2,-74.48,39.81,11,14,0,0,1,0,2,2,35,25,0,1,True,True
3.871201010907891,4.174387269895637,13,-75.45,40.38,6,8,1,0,1,1,5,2,35,4,17,1,True,True
3.258096538021482,4.553876891600541,2,-75.07,40.75,5,15,0,1,0,1,4,2,35,39,5,0,True,True
3.784189633918261,4.51085950651685,0,-75.23,40.13,9,7,0,0,1,1,2,5,35,11,6,1,False,True
4.174387269895637,4.248495242049359,7,-75.4,41.17,1,24,0,1,1,1,5,2,35,31,13,0,True,False
1.9459101490553132,4.07753744390572,2,-74.2,41.26,6,23,0,0,1,1,5,4,35,29,7,1,True,True
3.9889840465642745,3.4965075614664802,2,-74.61,41.26,2,24,0,0,0,0,2,5,35,10,11,1,True,True
4.418840607796598,4.060443010546419,12,-74.29,41.08,11,16,0,0,0,1,5,5,35,26,12,0,True,True
4.07753744390572,0.6931471805599453,18,-75.04,40.59,1,12,1,1,1,1,2,5,35,10,9,0,True,False
4.04305126783455,4.532599493153256,21,-74.22,40.91,8,0,0,0,1,1,1,2,24,37,12,1,True,True
4.219507705176107,4.04305126783455,9,-75.13,39.55,7,7,1,0,1,0,1,2,14,30,13,1,True,True
3.871201010907891,4.0943445622221,16,-74.18,39.79,2,20,0,0,1,1,2,5,35,36,6,0,True,True
4.543294782270004,4.127134385045092,4,-74.24,38.98,8,1,0,0,0,1,0,2,32,18,15,0,True,True
4.219507705176107,3.828641396489095,6,-74.66,39.94,9,0,0,0,1,1,5,5,24,25,12,1,True,True
4.189654742026425,4.418840607796598,7,-74.17,40.33,2,3,1,0,0,0,5,5,35,1,4,1,True,True
2.772588722239781,4.5217885770490405,22,-74.51,40.39,4,23,0,1,1,1,5,5,35,27,10,1,True,True
3.7612001156935624,4.30406509320417,5,-74.34,41.18,9,12,0,1,1,1,5,5,35,20,6,0,True,False
4.23410650459726,0.6931471805599453,18,-75.34,40.9,8,7,0,0,1,1,0,2,24,9,15,1,True,False
3.091042453358316,4.07753744390572,6,-74.63,40.8,7,3,0,1,0,1,5,2,35,5,17,1,False,True
4.477336814478207,3.970291913552122,4,-74.97,40.56,2,0,0,1,1,1,1,5,33,16,8,1,False,False
4.418840607796598,2.0794415416798357,8,-74.75,39.58,9,8,0,0,1,0,5,5,24,1,11,1,True,True
4.07753744390572,2.8903717578961645,5,-74.11,41.06,4,13,0,0,0,0,5,5,24,37,8,1,False,True
1.791759469228055,4.127134385045092,21,-73.92,39.68,2,0,0,0,0,1,5,2,24,18,17,0,True,True
3.58351893845611,4.59511985013459,6,-74.85,39.26,6,23,1,0,0,1,5,2,24,26,1,0,True,True
4.2626798770413155,2.70805020110221,23,-74.8,40.06,7,24,1,0,1,1,5,2,35,33,2,1,False,True
2.9444389791664403,4.31748811353631,14,-74.89,40.7,6,16,0,0,1,1,2,2,35,9,11,1,True,True
3.2188758248682006,3.9889840465642745,14,-74.84,41.15,5,1,0,0,1,1,3,2,35,20,14,1,True,True
3.713572066704308,4.110873864173311,17,-74.51,40.13,7,7,0,1,1,1,5,5,35,21,8,0,False,True
4.442651256490317,3.258096538021482,15,-73.97,39.45,5,15,0,1,1,1,5,2,35,22,15,1,False,True
3.8066624897703196,4.007333185232471,23,-74.85,39.72,4,8,0,1,1,1,5,2,35,29,0,0,False,True
2.0794415416798357,4.564348191467836,19,-74.04,39.02,5,12,1,0,0,1,5,5,24,18,17,0,False,True
3.713572066704308,4.442651256490317,22,-75.27,40.39,10,15,1,0,1,0,5,5,24,20,12,1,True,True
4.276666119016055,4.2626798770413155,22,-74.91,41.29,12,0,0,0,0,0,5,5,24,5,1,1,True,True
3.9512437185814275,4.219507705176107,16,-74.6,39.11,3,3,1,0,0,0,0,2,13,1,12,1,True,True
3.6109179126442243,3.2188758248682006,3,-75.39,41.18,11,0,1,0,1,1,5,5,35,29,7,1,True,True
4.07753744390572,4.290459441148391,9,-74.3,39.67,9,13,0,0,1,1,5,2,35,27,6,0,False,True
4.605170185988092,4.574710978503383,19,-74.47,39.45,1,7,1,0,0,1,5,5,35,18,7,0,True,True
4.553876891600541,1.0986122886681098,5,-74.55,40.11,2,4,0,0,1,0,1,5,10,20,7,1,True,False
4.605170185988092,2.8903717578961645,9,-75.34,40.24,10,1,0,1,1,1,2,2,35,26,15,1,True,True
3.4339872044851463,2.4849066497880004,17,-74.67,40.4,10,16,0,0,1,1,4,5,24,33,2,1,False,True
4.174387269895637,3.6109179126442243,11,-74.09,41.21,3,24,0,0,0,0,5,4,35,36,11,0,True,True
1.791759469228055,4.5217885770490405,0,-75.0,41.1,9,4,0,0,1,0,2,2,24,32,5,0,True,True
3.2188758248682006,3.784189633918261,8,-74.26,41.22,5,12,1,0,1,1,2,5,25,27,7,1,True,True
4.343805421853684,2.4849066497880004,8,-75.05,41.28,3,13,0,0,1,0,5,2,44,29,15,0,True,True
4.564348191467836,3.8501476017100584,3,-74.61,39.24,7,23,0,0,1,0,4,2,32,37,4,0,True,True
4.564348191467836,4.276666119016055,23,-74.55,41.08,3,3,1,1,1,1,2,5,37,20,12,1,True,True
2.8903717578961645,3.295836866004329,20,-75.2,39.79,8,14,0,1,1,1,5,5,35,22,2,1,True,False
2.5649493574615367,2.5649493574615367,11,-73.94,40.24,10,23,1,1,1,1,5,5,35,32,13,1,True,True
4.204692619390966,4.465908118654584,12,-74.52,40.28,4,14,0,0,0,1,5,4,35,21,3,1,True,True
3.8066624897703196,3.8066624897703196,12,-73.91,39.03,1,1,0,0,1,1,5,5,35,6,11,1,True,True
4.2626798770413155,3.2188758248682006,3,-74.19,38.98,12,16,1,0,1,1,5,5,35,6,13,0,False,True
2.70805020110221,4.3694478524670215,15,-74.28,39.44,5,15,0,0,1,0,5,5,35,25,14,0,True,True
3.8501476017100584,2.3978952727983707,20,-74.49,39.43,12,4,0,0,1,1,3,5,35,37,17,0,True,True
4.499809670330265,4.143134726391533,3,-74.19,40.9,11,4,1,0,1,1,5,2,24,9,5,0,False,True
4.454347296253507,4.394449154672439,19,-74.74,40.1,4,20,0,0,1,0,5,2,35,30,1,0,True,True
3.4965075614664802,4.418840607796598,9,-74.49,39.27,2,8,1,0,1,1,2,5,24,33,7,0,True,True
3.713572066704308,3.2188758248682006,15,-75.04,40.0,9,7,0,0,1,1,5,5,35,30,6,0,True,True
3.58351893845611,1.3862943611198906,20,-74.18,40.94,1,0,1,1,1,1,2,5,35,36,12,0,True,True
4.007333185232471,3.6375861597263857,12,-74.64,40.42,9,13,0,1,1,1,5,5,35,25,1,0,True,True
4.543294782270004,3.6109179126442243,3,-74.06,39.69,11,15,0,0,1,0,5,2,35,26,4,0,False,True
4.30406509320417,2.3978952727983707,1,-75.41,40.26,11,13,0,0,0,1,2,2,35,34,0,0,False,True
